idx,file_name,start_frame,end_frame
0,완료_0909_H_실신_CAM6_7_masking.mp4,210,363
1,0917_H_faint_01_227_masking.mp4,160,351
2,0917_H_faint_01_267_masking.mp4,173,347
3,완료_0909_H_실신_CAM1_4_masking.mp4,231,357
4,완료_0909_H_실신_CAM1_11_masking.mp4,225,423
5,완료_0909_H_실신_CAM3_14_masking.mp4,261,399
6,완료_0910_H_실신_CAM6_25_masking.mp4,186,327
7,완료_0909_H_실신_CAM2_11_masking.mp4,261,453
8,0917_H_faint_01_203_masking.mp4,137,283
9,0917_H_faint_01_270_masking.mp4,138,324
10,0917_H_faint_01_242_masking.mp4,191,355
11,0917_H_faint_01_247_masking.mp4,255,351
12,0917_H_faint_01_240_masking.mp4,201,356
13,완료_0909_H_실신_CAM3_7_masking.mp4,279,441
14,0919_H_faint_318_masking.mp4,105,312
15,완료_0910_H_실신_CAM3_37_masking.mp4,162,300
16,완료_0910_H_실신_CAM2_38_masking.mp4,207,312
17,완료_0909_H_실신_CAM1_8_masking.mp4,192,351
18,완료_0909_H_실신_CAM2_1_masking.mp4,174,276
19,1104_H_faint_315_masking.mp4,159,397
20,0917_H_faint_01_275_masking.mp4,216,357
21,완료_0909_H_실신_CAM6_6_masking.mp4,198,345
22,0917_H_faint_01_233_masking.mp4,142,311
23,완료_0910_H_실신_CAM2_31_masking.mp4,180,312
24,0917_H_faint_01_236_masking.mp4,157,353
25,완료_0909_H_실신_CAM6_13_masking.mp4,126,336
26,완료_0910_H_실신_CAM1_25_masking.mp4,168,342
27,0919_H_faint_333_masking.mp4,148,313
28,0919_H_faint_320_masking.mp4,280,371
29,완료_0910_H_실신_CAM3_33_masking.mp4,219,342
30,완료_0909_H_실신_CAM6_14_masking.mp4,228,348
31,0919_H_faint_348_masking.mp4,192,345
32,0917_H_faint_01_221_masking.mp4,191,307
33,완료_0910_H_실신_CAM2_29_masking.mp4,174,324
34,0917_H_faint_01_281_masking.mp4,156,325
35,0917_H_faint_01_226_masking.mp4,240,351
36,0917_H_faint_01_276_masking.mp4,113,327
37,1104_H_faint_295_masking.mp4,165,365
38,완료_0909_H_실신_CAM6_5_masking.mp4,267,405
39,0919_H_faint_323_masking.mp4,156,338
40,완료_0909_H_실신_CAM3_10_masking.mp4,141,345
41,완료_0910_H_실신_CAM1_29_masking.mp4,138,297
42,완료_0909_H_실신_CAM6_21_masking.mp4,243,399
43,완료_0910_H_실신_CAM3_34_masking.mp4,207,330
44,0919_H_faint_327_masking.mp4,170,340
45,0917_H_faint_01_194_masking.mp4,235,342
46,0919_H_faint_321_masking.mp4,165,367
47,완료_0909_H_실신_CAM6_9_masking.mp4,135,267
48,완료_0910_H_실신_CAM2_33_masking.mp4,201,297
49,완료_0910_H_실신_CAM2_23_masking.mp4,288,330
50,완료_0909_H_실신_CAM1_21_masking.mp4,240,399
51,0917_H_faint_01_188_masking.mp4,183,313
52,완료_0909_H_실신_CAM3_19_masking.mp4,387,609
53,1104_H_faint_285_masking.mp4,188,311
54,1104_H_faint_291_masking.mp4,164,296
55,1104_H_faint_312_masking.mp4,125,370
56,0919_H_faint_316_masking.mp4,203,340
57,0917_H_faint_01_251_masking.mp4,182,326
58,0917_H_faint_01_245_masking.mp4,143,343
59,완료_0909_H_실신_CAM1_9_masking.mp4,174,306
60,완료_0910_H_실신_CAM1_44_masking.mp4,129,306
61,0917_H_faint_01_210_masking.mp4,206,342
62,완료_0910_H_실신_CAM6_35_masking.mp4,195,348
63,0917_H_faint_01_253_masking.mp4,177,349
64,완료_0910_H_실신_CAM2_35_masking.mp4,177,306
65,0917_H_faint_01_268_masking.mp4,170,337
66,1104_H_faint_294_masking.mp4,210,313
67,완료_0910_H_실신_CAM6_39_masking.mp4,165,345
68,완료_0910_H_실신_CAM1_35_masking.mp4,132,300
69,완료_0909_H_실신_CAM3_15_masking.mp4,156,327
70,완료_0910_H_실신_CAM2_26_masking.mp4,270,360
71,0917_H_faint_01_260_masking.mp4,224,345
72,1104_H_faint_284_masking.mp4,205,311
73,0919_H_faint_338_masking.mp4,204,357
74,0917_H_faint_01_186_masking.mp4,204,312
75,0917_H_faint_01_219_masking.mp4,196,322
76,1104_H_faint_310_masking.mp4,234,354
77,완료_0909_H_실신_CAM6_18_masking.mp4,165,369
78,완료_0909_H_실신_CAM2_15_masking.mp4,138,342
79,완료_0909_H_실신_CAM1_1_masking.mp4,207,330
80,0919_H_faint_329_masking.mp4,123,306
81,완료_0909_H_실신_CAM1_3_masking.mp4,213,312
82,0917_H_faint_01_272_masking.mp4,101,315
83,0919_H_faint_337_masking.mp4,154,303
84,0917_H_faint_01_201_masking.mp4,216,291
85,완료_0909_H_실신_CAM2_9_masking.mp4,174,303
86,0919_H_faint_330_masking.mp4,184,330
87,0917_H_faint_01_216_masking.mp4,214,331
88,완료_0910_H_실신_CAM1_26_masking.mp4,168,324
89,완료_0910_H_실신_CAM2_36_masking.mp4,180,321
90,완료_0910_H_실신_CAM2_42_masking.mp4,738,774
91,0919_H_faint_317_masking.mp4,174,329
92,완료_0910_H_실신_CAM2_43_masking.mp4,228,312
93,완료_0910_H_실신_CAM3_30_masking.mp4,198,324
94,완료_0910_H_실신_CAM3_43_masking.mp4,147,303
95,완료_0910_H_실신_CAM6_42_masking.mp4,159,294
96,0919_H_faint_336_masking.mp4,204,308
97,완료_0909_H_실신_CAM2_19_masking.mp4,369,621
98,0919_H_faint_344_masking.mp4,183,310
99,완료_0909_H_실신_CAM1_13_masking.mp4,147,342
100,0917_H_faint_01_235_masking.mp4,197,329
101,0919_H_faint_347_masking.mp4,221,309
102,1104_H_faint_296_masking.mp4,197,333
103,완료_0910_H_실신_CAM6_38_masking.mp4,180,336
104,0917_H_faint_01_223_masking.mp4,177,301
105,완료_0909_H_실신_CAM6_11_masking.mp4,201,417
106,완료_0910_H_실신_CAM1_22_masking.mp4,300,312
107,1104_H_faint_305_masking.mp4,158,358
108,0917_H_faint_01_189_masking.mp4,167,330
109,0917_H_faint_01_243_masking.mp4,213,299
110,완료_0910_H_실신_CAM1_27_masking.mp4,183,306
111,0917_H_faint_01_185_masking.mp4,179,312
112,완료_0910_H_실신_CAM3_41_masking.mp4,192,315
113,완료_0909_H_실신_CAM2_12_masking.mp4,195,396
114,완료_0909_H_실신_CAM2_2_masking.mp4,168,384
115,완료_0910_H_실신_CAM1_38_masking.mp4,147,306
116,0917_H_faint_01_280_masking.mp4,236,328
117,완료_0910_H_실신_CAM3_40_masking.mp4,111,306
118,0919_H_faint_342_masking.mp4,94,309
119,완료_0910_H_실신_CAM3_44_masking.mp4,126,297
120,0917_H_faint_01_192_masking.mp4,193,369
121,완료_0910_H_실신_CAM3_23_masking.mp4,252,312
122,0917_H_faint_01_263_masking.mp4,152,348
123,1104_H_faint_302_masking.mp4,153,316
124,1104_H_faint_298_masking.mp4,157,365
125,0919_H_faint_324_masking.mp4,120,299
126,완료_0910_H_실신_CAM3_32_masking.mp4,198,321
127,완료_0909_H_실신_CAM1_20_masking.mp4,303,471
128,1104_H_faint_292_masking.mp4,191,312
129,0917_H_faint_01_282_masking.mp4,202,342
130,1104_H_faint_297_masking.mp4,211,318
131,0919_H_faint_340_masking.mp4,162,315
132,완료_0910_H_실신_CAM2_40_masking.mp4,111,333
133,완료_0910_H_실신_CAM3_36_masking.mp4,207,330
134,1104_H_faint_288_masking.mp4,163,322
135,완료_0910_H_실신_CAM2_46_masking.mp4,165,324
136,완료_0909_H_실신_CAM6_12_masking.mp4,204,372
137,완료_0909_H_실신_CAM2_20_masking.mp4,144,339
138,완료_0910_H_실신_CAM3_22_masking.mp4,288,297
139,완료_0909_H_실신_CAM3_3_masking.mp4,237,324
140,완료_0909_H_실신_CAM6_8_masking.mp4,177,327
141,0917_H_faint_01_215_masking.mp4,201,306
142,완료_0910_H_실신_CAM1_23_masking.mp4,189,306
143,0919_H_faint_328_masking.mp4,195,340
144,1104_H_faint_308_masking.mp4,225,370
145,완료_0909_H_실신_CAM6_15_masking.mp4,117,309
146,완료_0910_H_실신_CAM1_31_masking.mp4,186,360
147,완료_0909_H_실신_CAM3_12_masking.mp4,177,420
148,완료_0910_H_실신_CAM1_28_masking.mp4,168,315
149,완료_0910_H_실신_CAM3_35_masking.mp4,165,303
150,0917_H_faint_01_269_masking.mp4,175,346
151,1104_H_faint_313_masking.mp4,184,326
152,0917_H_faint_01_259_masking.mp4,214,344
153,완료_0909_H_실신_CAM3_1_masking.mp4,834,954
154,완료_0910_H_실신_CAM6_30_masking.mp4,234,321
155,0917_H_faint_01_191_masking.mp4,169,336
156,0917_H_faint_01_279_masking.mp4,146,354
157,0917_H_faint_01_262_masking.mp4,195,354
158,완료_0910_H_실신_CAM1_33_masking.mp4,186,321
159,0919_H_faint_331_masking.mp4,164,322
160,완료_0909_H_실신_CAM2_17_masking.mp4,234,417
161,완료_0910_H_실신_CAM1_36_masking.mp4,147,300
162,완료_0909_H_실신_CAM2_10_masking.mp4,129,336
163,0917_H_faint_01_206_masking.mp4,302,325
164,완료_0910_H_실신_CAM6_27_masking.mp4,177,321
165,완료_0910_H_실신_CAM3_25_masking.mp4,249,303
166,완료_0909_H_실신_CAM2_14_masking.mp4,234,354
167,0919_H_faint_345_masking.mp4,159,320
168,완료_0909_H_실신_CAM2_21_masking.mp4,228,399
169,완료_0909_H_실신_CAM6_17_masking.mp4,189,378
170,완료_0909_H_실신_CAM3_2_masking.mp4,159,306
171,0917_H_faint_01_199_masking.mp4,239,337
172,0917_H_faint_01_256_masking.mp4,200,362
173,1104_H_faint_286_masking.mp4,184,325
174,0917_H_faint_01_237_masking.mp4,176,338
175,완료_0910_H_실신_CAM6_28_masking.mp4,183,300
176,완료_0909_H_실신_CAM3_5_masking.mp4,234,360
177,0917_H_faint_01_225_masking.mp4,166,314
178,완료_0909_H_실신_CAM1_15_masking.mp4,147,333
179,완료_0909_H_실신_CAM6_10_masking.mp4,138,351
180,0917_H_faint_01_252_masking.mp4,150,337
181,1104_H_faint_309_masking.mp4,175,369
182,완료_0909_H_실신_CAM2_5_masking.mp4,222,348
183,0917_H_faint_01_212_masking.mp4,216,373
184,완료_0910_H_실신_CAM6_33_masking.mp4,204,318
185,1104_H_faint_299_masking.mp4,260,342
186,완료_0910_H_실신_CAM1_39_masking.mp4,186,330
187,완료_0910_H_실신_CAM2_22_masking.mp4,312,333
188,완료_0909_H_실신_CAM1_2_masking.mp4,156,291
189,완료_0910_H_실신_CAM2_24_masking.mp4,249,363
190,완료_0909_H_실신_CAM6_3_masking.mp4,357,456
191,0917_H_faint_01_214_masking.mp4,236,368
192,1104_H_faint_314_masking.mp4,142,327
193,0917_H_faint_01_264_masking.mp4,343,357
194,0917_H_faint_01_249_masking.mp4,188,330
195,0917_H_faint_01_238_masking.mp4,162,309
196,0917_H_faint_01_273_masking.mp4,165,332
197,1104_H_faint_300_masking.mp4,170,321
198,완료_0910_H_실신_CAM6_31_masking.mp4,180,315
199,완료_0909_H_실신_CAM6_16_masking.mp4,234,354
200,완료_0909_H_실신_CAM3_21_masking.mp4,231,381
201,완료_0910_H_실신_CAM3_29_masking.mp4,147,303
202,완료_0910_H_실신_CAM2_45_masking.mp4,150,294
203,1104_H_faint_290_masking.mp4,174,336
204,완료_0909_H_실신_CAM6_19_masking.mp4,384,615
205,0917_H_faint_01_220_masking.mp4,166,313
206,0917_H_faint_01_230_masking.mp4,233,339
207,완료_0909_H_실신_CAM3_8_masking.mp4,192,324
208,완료_0909_H_실신_CAM6_20_masking.mp4,210,396
209,완료_0910_H_실신_CAM2_25_masking.mp4,228,327
210,완료_0910_H_실신_CAM1_24_masking.mp4,168,312
211,완료_0910_H_실신_CAM3_42_masking.mp4,180,300
212,완료_0910_H_실신_CAM2_39_masking.mp4,168,294
213,0917_H_faint_01_217_masking.mp4,179,306
214,완료_0909_H_실신_CAM3_13_masking.mp4,141,333
215,0917_H_faint_01_190_masking.mp4,151,338
216,완료_0909_H_실신_CAM2_16_masking.mp4,234,354
217,0919_H_faint_242_masking.mp4,162,308
218,완료_0909_H_실신_CAM2_3_masking.mp4,228,315
219,완료_0910_H_실신_CAM6_24_masking.mp4,177,318
220,완료_0909_H_실신_CAM2_6_masking.mp4,192,330
221,0917_H_faint_01_224_masking.mp4,213,328
222,0917_H_faint_01_228_masking.mp4,189,318
223,완료_0910_H_실신_CAM6_43_masking.mp4,171,315
224,1104_H_faint_287_masking.mp4,171,319
225,완료_0910_H_실신_CAM2_37_masking.mp4,165,309
226,0917_H_faint_01_211_masking.mp4,248,327
227,1104_H_faint_301_masking.mp4,182,348
228,1104_H_faint_303_masking.mp4,149,338
229,완료_0910_H_실신_CAM1_46_masking.mp4,186,324
230,완료_0909_H_실신_CAM6_2_masking.mp4,195,342
231,완료_0910_H_실신_CAM2_32_masking.mp4,180,315
232,1104_H_faint_306_masking.mp4,170,333
233,0919_H_faint_341_masking.mp4,160,310
234,완료_0909_H_실신_CAM1_5_masking.mp4,219,345
235,0917_H_faint_01_187_masking.mp4,192,326
236,1104_H_faint_289_masking.mp4,186,350
237,0919_H_faint_334_masking.mp4,181,314
238,0917_H_faint_01_265_masking.mp4,199,331
239,완료_0910_H_실신_CAM6_41_masking.mp4,213,327
240,완료_0909_H_실신_CAM1_16_masking.mp4,213,339
241,완료_0910_H_실신_CAM1_37_masking.mp4,186,339
242,0917_H_faint_01_231_masking.mp4,189,347
243,0917_H_faint_01_248_masking.mp4,251,341
244,완료_0909_H_실신_CAM1_14_masking.mp4,243,360
245,0919_H_faint_335_masking.mp4,169,320
246,0917_H_faint_01_246_masking.mp4,331,364
247,완료_0910_H_실신_CAM2_41_masking.mp4,237,318
248,완료_0910_H_실신_CAM2_28_masking.mp4,219,336
249,완료_0910_H_실신_CAM6_36_masking.mp4,174,345
250,완료_0910_H_실신_CAM3_26_masking.mp4,183,324
251,완료_0910_H_실신_CAM3_27_masking.mp4,144,291
252,0917_H_faint_01_200_masking.mp4,189,309
253,완료_0909_H_실신_CAM2_7_masking.mp4,264,405
254,완료_0909_H_실신_CAM3_18_masking.mp4,165,363
255,완료_0909_H_실신_CAM1_19_masking.mp4,372,600
256,0917_H_faint_01_196_masking.mp4,144,334
257,0917_H_faint_01_266_masking.mp4,194,335
258,완료_0910_H_실신_CAM1_43_masking.mp4,183,306
259,완료_0909_H_실신_CAM1_10_masking.mp4,162,375
260,완료_0910_H_실신_CAM6_34_masking.mp4,171,318
261,0919_H_faint_339_masking.mp4,186,313
262,0917_H_faint_01_218_masking.mp4,193,327
263,0919_H_faint_326_masking.mp4,158,351
264,0917_H_faint_01_278_masking.mp4,146,346
265,0919_H_faint_319_masking.mp4,171,320
266,1104_H_faint_311_masking.mp4,206,377
267,0919_H_faint_343_masking.mp4,200,385
268,0917_H_faint_01_244_masking.mp4,162,322
269,완료_0910_H_실신_CAM6_45_masking.mp4,165,336
270,완료_0910_H_실신_CAM1_32_masking.mp4,162,306
271,0917_H_faint_01_193_masking.mp4,178,308
272,완료_0910_H_실신_CAM3_46_masking.mp4,162,312
273,0917_H_faint_01_222_masking.mp4,185,348
274,1104_H_faint_283_masking.mp4,193,315
275,0917_H_faint_01_205_masking.mp4,175,343
276,완료_0909_H_실신_CAM2_13_masking.mp4,129,357
277,완료_0910_H_실신_CAM2_44_masking.mp4,141,321
278,0917_H_faint_01_257_masking.mp4,260,375
279,완료_0910_H_실신_CAM6_40_masking.mp4,162,327
280,완료_0910_H_실신_CAM2_27_masking.mp4,150,315
281,0917_H_faint_01_195_masking.mp4,200,326
282,0917_H_faint_01_204_masking.mp4,224,296
283,0917_H_faint_01_232_masking.mp4,188,339
284,완료_0909_H_실신_CAM3_17_masking.mp4,144,339
285,완료_0909_H_실신_CAM1_18_masking.mp4,168,369
286,완료_0910_H_실신_CAM1_34_masking.mp4,195,306
287,0917_H_faint_01_198_masking.mp4,216,329
288,완료_0910_H_실신_CAM6_26_masking.mp4,216,315
289,0917_H_faint_01_277_masking.mp4,164,299
290,완료_0910_H_실신_CAM2_30_masking.mp4,234,312
291,0917_H_faint_01_202_masking.mp4,189,312
292,완료_0909_H_실신_CAM3_20_masking.mp4,123,327
293,0917_H_faint_01_274_masking.mp4,185,343
294,0917_H_faint_01_208_masking.mp4,196,321
295,0919_H_faint_325_masking.mp4,94,269
296,완료_0910_H_실신_CAM3_31_masking.mp4,186,318
297,0917_H_faint_01_209_masking.mp4,235,326
298,0917_H_faint_01_241_masking.mp4,246,332
299,완료_0910_H_실신_CAM3_39_masking.mp4,132,309
300,완료_0909_H_실신_CAM3_4_masking.mp4,432,531
301,완료_0910_H_실신_CAM3_45_masking.mp4,168,300
302,0919_H_faint_332_masking.mp4,219,371
303,0917_H_faint_01_255_masking.mp4,170,317
304,완료_0909_H_실신_CAM2_4_masking.mp4,198,333
305,완료_0910_H_실신_CAM1_45_masking.mp4,132,303
306,완료_0910_H_실신_CAM3_38_masking.mp4,135,321
307,0917_H_faint_01_271_masking.mp4,176,344
308,완료_0910_H_실신_CAM1_30_masking.mp4,168,291
309,완료_0910_H_실신_CAM3_28_masking.mp4,177,318
310,완료_0910_H_실신_CAM1_42_masking.mp4,207,357
311,완료_0909_H_실신_CAM1_7_masking.mp4,258,390
312,완료_0910_H_실신_CAM6_44_masking.mp4,153,309
313,완료_0909_H_실신_CAM6_1_masking.mp4,186,318
314,완료_0910_H_실신_CAM6_23_masking.mp4,246,348
315,완료_0910_H_실신_CAM6_37_masking.mp4,162,312
316,1104_H_faint_293_masking.mp4,181,337
317,0917_H_faint_01_197_masking.mp4,200,357
318,완료_0909_H_실신_CAM3_11_masking.mp4,255,456
319,0917_H_faint_01_258_masking.mp4,166,347
320,0917_H_faint_01_239_masking.mp4,237,360
321,완료_0910_H_실신_CAM1_40_masking.mp4,129,306
322,0917_H_faint_01_207_masking.mp4,168,343
323,완료_0909_H_실신_CAM3_9_masking.mp4,168,306
324,완료_0909_H_실신_CAM2_8_masking.mp4,183,330
325,완료_0910_H_실신_CAM1_41_masking.mp4,228,336
326,완료_0909_H_실신_CAM3_16_masking.mp4,237,363
327,완료_0910_H_실신_CAM6_22_masking.mp4,297,303
328,완료_0909_H_실신_CAM2_18_masking.mp4,189,372
329,완료_0909_H_실신_CAM1_17_masking.mp4,210,399
330,완료_0910_H_실신_CAM6_32_masking.mp4,195,321
331,1104_H_faint_304_masking.mp4,190,350
332,완료_0909_H_실신_CAM1_12_masking.mp4,183,387
333,0919_H_faint_346_masking.mp4,133,347
334,완료_0910_H_실신_CAM2_34_masking.mp4,174,312
335,완료_0909_H_실신_CAM6_4_masking.mp4,300,408
336,0917_H_faint_01_234_masking.mp4,144,331
337,0917_H_faint_01_229_masking.mp4,221,349
338,완료_0910_H_실신_CAM6_29_masking.mp4,162,318
339,완료_0910_H_실신_CAM6_46_masking.mp4,186,318
340,0917_H_faint_01_261_masking.mp4,182,347
341,완료_0910_H_실신_CAM3_24_masking.mp4,174,300
342,0917_H_faint_01_250_masking.mp4,221,345
343,0917_H_faint_01_254_masking.mp4,229,355
344,완료_0909_H_실신_CAM1_6_masking.mp4,216,360
345,1104_H_faint_307_masking.mp4,180,356
346,0917_H_faint_01_213_masking.mp4,207,310
347,완료_0909_H_실신_CAM3_6_masking.mp4,240,387
