"path","label"
"./data_clip_faints/완료_0909_H_실신_CAM6_7_masking.mp4",1
"./data_clip_faints/0917_H_faint_01_227_masking.mp4",1
"./data_clip_faints/0917_H_faint_01_267_masking.mp4",1
"./data_clip_faints/완료_0909_H_실신_CAM1_4_masking.mp4",1
"./data_clip_faints/완료_0909_H_실신_CAM1_11_masking.mp4",1
"./data_clip_faints/완료_0909_H_실신_CAM3_14_masking.mp4",1
"./data_clip_faints/완료_0910_H_실신_CAM6_25_masking.mp4",1
"./data_clip_faints/완료_0909_H_실신_CAM2_11_masking.mp4",1
"./data_clip_faints/0917_H_faint_01_203_masking.mp4",1
"./data_clip_faints/0917_H_faint_01_270_masking.mp4",1
"./data_clip_faints/0917_H_faint_01_242_masking.mp4",1
"./data_clip_faints/0917_H_faint_01_247_masking.mp4",1
"./data_clip_faints/0917_H_faint_01_240_masking.mp4",1
"./data_clip_faints/완료_0909_H_실신_CAM3_7_masking.mp4",1
"./data_clip_faints/0919_H_faint_318_masking.mp4",1
"./data_clip_faints/완료_0910_H_실신_CAM3_37_masking.mp4",1
"./data_clip_faints/완료_0910_H_실신_CAM2_38_masking.mp4",1
"./data_clip_faints/완료_0909_H_실신_CAM1_8_masking.mp4",1
"./data_clip_faints/완료_0909_H_실신_CAM2_1_masking.mp4",1
"./data_clip_faints/1104_H_faint_315_masking.mp4",1
"./data_clip_faints/0917_H_faint_01_275_masking.mp4",1
"./data_clip_faints/완료_0909_H_실신_CAM6_6_masking.mp4",1
"./data_clip_faints/0917_H_faint_01_233_masking.mp4",1
"./data_clip_faints/완료_0910_H_실신_CAM2_31_masking.mp4",1
"./data_clip_faints/0917_H_faint_01_236_masking.mp4",1
"./data_clip_faints/완료_0909_H_실신_CAM6_13_masking.mp4",1
"./data_clip_faints/완료_0910_H_실신_CAM1_25_masking.mp4",1
"./data_clip_faints/0919_H_faint_333_masking.mp4",1
"./data_clip_faints/0919_H_faint_320_masking.mp4",1
"./data_clip_faints/완료_0910_H_실신_CAM3_33_masking.mp4",1
"./data_clip_faints/완료_0909_H_실신_CAM6_14_masking.mp4",1
"./data_clip_faints/0919_H_faint_348_masking.mp4",1
"./data_clip_faints/0917_H_faint_01_221_masking.mp4",1
"./data_clip_faints/완료_0910_H_실신_CAM2_29_masking.mp4",1
"./data_clip_faints/0917_H_faint_01_281_masking.mp4",1
"./data_clip_faints/0917_H_faint_01_226_masking.mp4",1
"./data_clip_faints/0917_H_faint_01_276_masking.mp4",1
"./data_clip_faints/1104_H_faint_295_masking.mp4",1
"./data_clip_faints/완료_0909_H_실신_CAM6_5_masking.mp4",1
"./data_clip_faints/0919_H_faint_323_masking.mp4",1
"./data_clip_faints/완료_0909_H_실신_CAM3_10_masking.mp4",1
"./data_clip_faints/완료_0910_H_실신_CAM1_29_masking.mp4",1
"./data_clip_faints/완료_0909_H_실신_CAM6_21_masking.mp4",1
"./data_clip_faints/완료_0910_H_실신_CAM3_34_masking.mp4",1
"./data_clip_faints/0919_H_faint_327_masking.mp4",1
"./data_clip_faints/0917_H_faint_01_194_masking.mp4",1
"./data_clip_faints/0919_H_faint_321_masking.mp4",1
"./data_clip_faints/완료_0909_H_실신_CAM6_9_masking.mp4",1
"./data_clip_faints/완료_0910_H_실신_CAM2_33_masking.mp4",1
"./data_clip_faints/완료_0910_H_실신_CAM2_23_masking.mp4",1
"./data_clip_faints/완료_0909_H_실신_CAM1_21_masking.mp4",1
"./data_clip_faints/0917_H_faint_01_188_masking.mp4",1
"./data_clip_faints/완료_0909_H_실신_CAM3_19_masking.mp4",1
"./data_clip_faints/1104_H_faint_285_masking.mp4",1
"./data_clip_faints/1104_H_faint_291_masking.mp4",1
"./data_clip_faints/1104_H_faint_312_masking.mp4",1
"./data_clip_faints/0919_H_faint_316_masking.mp4",1
"./data_clip_faints/0917_H_faint_01_251_masking.mp4",1
"./data_clip_faints/0917_H_faint_01_245_masking.mp4",1
"./data_clip_faints/완료_0909_H_실신_CAM1_9_masking.mp4",1
"./data_clip_faints/완료_0910_H_실신_CAM1_44_masking.mp4",1
"./data_clip_faints/0917_H_faint_01_210_masking.mp4",1
"./data_clip_faints/완료_0910_H_실신_CAM6_35_masking.mp4",1
"./data_clip_faints/0917_H_faint_01_253_masking.mp4",1
"./data_clip_faints/완료_0910_H_실신_CAM2_35_masking.mp4",1
"./data_clip_faints/0917_H_faint_01_268_masking.mp4",1
"./data_clip_faints/1104_H_faint_294_masking.mp4",1
"./data_clip_faints/완료_0910_H_실신_CAM6_39_masking.mp4",1
"./data_clip_faints/완료_0910_H_실신_CAM1_35_masking.mp4",1
"./data_clip_faints/완료_0909_H_실신_CAM3_15_masking.mp4",1
"./data_clip_faints/완료_0910_H_실신_CAM2_26_masking.mp4",1
"./data_clip_faints/0917_H_faint_01_260_masking.mp4",1
"./data_clip_faints/1104_H_faint_284_masking.mp4",1
"./data_clip_faints/0919_H_faint_338_masking.mp4",1
"./data_clip_faints/0917_H_faint_01_186_masking.mp4",1
"./data_clip_faints/0917_H_faint_01_219_masking.mp4",1
"./data_clip_faints/1104_H_faint_310_masking.mp4",1
"./data_clip_faints/완료_0909_H_실신_CAM6_18_masking.mp4",1
"./data_clip_faints/완료_0909_H_실신_CAM2_15_masking.mp4",1
"./data_clip_faints/완료_0909_H_실신_CAM1_1_masking.mp4",1
"./data_clip_faints/0919_H_faint_329_masking.mp4",1
"./data_clip_faints/완료_0909_H_실신_CAM1_3_masking.mp4",1
"./data_clip_faints/0917_H_faint_01_272_masking.mp4",1
"./data_clip_faints/0919_H_faint_337_masking.mp4",1
"./data_clip_faints/0917_H_faint_01_201_masking.mp4",1
"./data_clip_faints/완료_0909_H_실신_CAM2_9_masking.mp4",1
"./data_clip_faints/0919_H_faint_330_masking.mp4",1
"./data_clip_faints/0917_H_faint_01_216_masking.mp4",1
"./data_clip_faints/완료_0910_H_실신_CAM1_26_masking.mp4",1
"./data_clip_faints/완료_0910_H_실신_CAM2_36_masking.mp4",1
"./data_clip_faints/완료_0910_H_실신_CAM2_42_masking.mp4",1
"./data_clip_faints/0919_H_faint_317_masking.mp4",1
"./data_clip_faints/완료_0910_H_실신_CAM2_43_masking.mp4",1
"./data_clip_faints/완료_0910_H_실신_CAM3_30_masking.mp4",1
"./data_clip_faints/완료_0910_H_실신_CAM3_43_masking.mp4",1
"./data_clip_faints/완료_0910_H_실신_CAM6_42_masking.mp4",1
"./data_clip_faints/0919_H_faint_336_masking.mp4",1
"./data_clip_faints/완료_0909_H_실신_CAM2_19_masking.mp4",1
"./data_clip_faints/0919_H_faint_344_masking.mp4",1
"./data_clip_faints/완료_0909_H_실신_CAM1_13_masking.mp4",1
"./data_clip_faints/0917_H_faint_01_235_masking.mp4",1
"./data_clip_faints/0919_H_faint_347_masking.mp4",1
"./data_clip_faints/1104_H_faint_296_masking.mp4",1
"./data_clip_faints/완료_0910_H_실신_CAM6_38_masking.mp4",1
"./data_clip_faints/0917_H_faint_01_223_masking.mp4",1
"./data_clip_faints/완료_0909_H_실신_CAM6_11_masking.mp4",1
"./data_clip_faints/완료_0910_H_실신_CAM1_22_masking.mp4",1
"./data_clip_faints/1104_H_faint_305_masking.mp4",1
"./data_clip_faints/0917_H_faint_01_189_masking.mp4",1
"./data_clip_faints/0917_H_faint_01_243_masking.mp4",1
"./data_clip_faints/완료_0910_H_실신_CAM1_27_masking.mp4",1
"./data_clip_faints/0917_H_faint_01_185_masking.mp4",1
"./data_clip_faints/완료_0910_H_실신_CAM3_41_masking.mp4",1
"./data_clip_faints/완료_0909_H_실신_CAM2_12_masking.mp4",1
"./data_clip_faints/완료_0909_H_실신_CAM2_2_masking.mp4",1
"./data_clip_faints/완료_0910_H_실신_CAM1_38_masking.mp4",1
"./data_clip_faints/0917_H_faint_01_280_masking.mp4",1
"./data_clip_faints/완료_0910_H_실신_CAM3_40_masking.mp4",1
"./data_clip_faints/0919_H_faint_342_masking.mp4",1
"./data_clip_faints/완료_0910_H_실신_CAM3_44_masking.mp4",1
"./data_clip_faints/0917_H_faint_01_192_masking.mp4",1
"./data_clip_faints/완료_0910_H_실신_CAM3_23_masking.mp4",1
"./data_clip_faints/0917_H_faint_01_263_masking.mp4",1
"./data_clip_faints/1104_H_faint_302_masking.mp4",1
"./data_clip_faints/1104_H_faint_298_masking.mp4",1
"./data_clip_faints/0919_H_faint_324_masking.mp4",1
"./data_clip_faints/완료_0910_H_실신_CAM3_32_masking.mp4",1
"./data_clip_faints/완료_0909_H_실신_CAM1_20_masking.mp4",1
"./data_clip_faints/1104_H_faint_292_masking.mp4",1
"./data_clip_faints/0917_H_faint_01_282_masking.mp4",1
"./data_clip_faints/1104_H_faint_297_masking.mp4",1
"./data_clip_faints/0919_H_faint_340_masking.mp4",1
"./data_clip_faints/완료_0910_H_실신_CAM2_40_masking.mp4",1
"./data_clip_faints/완료_0910_H_실신_CAM3_36_masking.mp4",1
"./data_clip_faints/1104_H_faint_288_masking.mp4",1
"./data_clip_faints/완료_0910_H_실신_CAM2_46_masking.mp4",1
"./data_clip_faints/완료_0909_H_실신_CAM6_12_masking.mp4",1
"./data_clip_faints/완료_0909_H_실신_CAM2_20_masking.mp4",1
"./data_clip_faints/완료_0910_H_실신_CAM3_22_masking.mp4",1
"./data_clip_faints/완료_0909_H_실신_CAM3_3_masking.mp4",1
"./data_clip_faints/완료_0909_H_실신_CAM6_8_masking.mp4",1
"./data_clip_faints/0917_H_faint_01_215_masking.mp4",1
"./data_clip_faints/완료_0910_H_실신_CAM1_23_masking.mp4",1
"./data_clip_faints/0919_H_faint_328_masking.mp4",1
"./data_clip_faints/1104_H_faint_308_masking.mp4",1
"./data_clip_faints/완료_0909_H_실신_CAM6_15_masking.mp4",1
"./data_clip_faints/완료_0910_H_실신_CAM1_31_masking.mp4",1
"./data_clip_faints/완료_0909_H_실신_CAM3_12_masking.mp4",1
"./data_clip_faints/완료_0910_H_실신_CAM1_28_masking.mp4",1
"./data_clip_faints/완료_0910_H_실신_CAM3_35_masking.mp4",1
"./data_clip_faints/0917_H_faint_01_269_masking.mp4",1
"./data_clip_faints/1104_H_faint_313_masking.mp4",1
"./data_clip_faints/0917_H_faint_01_259_masking.mp4",1
"./data_clip_faints/완료_0909_H_실신_CAM3_1_masking.mp4",1
"./data_clip_faints/완료_0910_H_실신_CAM6_30_masking.mp4",1
"./data_clip_faints/0917_H_faint_01_191_masking.mp4",1
"./data_clip_faints/0917_H_faint_01_279_masking.mp4",1
"./data_clip_faints/0917_H_faint_01_262_masking.mp4",1
"./data_clip_faints/완료_0910_H_실신_CAM1_33_masking.mp4",1
"./data_clip_faints/0919_H_faint_331_masking.mp4",1
"./data_clip_faints/완료_0909_H_실신_CAM2_17_masking.mp4",1
"./data_clip_faints/완료_0910_H_실신_CAM1_36_masking.mp4",1
"./data_clip_faints/완료_0909_H_실신_CAM2_10_masking.mp4",1
"./data_clip_faints/0917_H_faint_01_206_masking.mp4",1
"./data_clip_faints/완료_0910_H_실신_CAM6_27_masking.mp4",1
"./data_clip_faints/완료_0910_H_실신_CAM3_25_masking.mp4",1
"./data_clip_faints/완료_0909_H_실신_CAM2_14_masking.mp4",1
"./data_clip_faints/0919_H_faint_345_masking.mp4",1
"./data_clip_faints/완료_0909_H_실신_CAM2_21_masking.mp4",1
"./data_clip_faints/완료_0909_H_실신_CAM6_17_masking.mp4",1
"./data_clip_faints/완료_0909_H_실신_CAM3_2_masking.mp4",1
"./data_clip_faints/0917_H_faint_01_199_masking.mp4",1
"./data_clip_faints/0917_H_faint_01_256_masking.mp4",1
"./data_clip_faints/1104_H_faint_286_masking.mp4",1
"./data_clip_faints/0917_H_faint_01_237_masking.mp4",1
"./data_clip_faints/완료_0910_H_실신_CAM6_28_masking.mp4",1
"./data_clip_faints/완료_0909_H_실신_CAM3_5_masking.mp4",1
"./data_clip_faints/0917_H_faint_01_225_masking.mp4",1
"./data_clip_faints/완료_0909_H_실신_CAM1_15_masking.mp4",1
"./data_clip_faints/완료_0909_H_실신_CAM6_10_masking.mp4",1
"./data_clip_faints/0917_H_faint_01_252_masking.mp4",1
"./data_clip_faints/1104_H_faint_309_masking.mp4",1
"./data_clip_faints/완료_0909_H_실신_CAM2_5_masking.mp4",1
"./data_clip_faints/0917_H_faint_01_212_masking.mp4",1
"./data_clip_faints/완료_0910_H_실신_CAM6_33_masking.mp4",1
"./data_clip_faints/1104_H_faint_299_masking.mp4",1
"./data_clip_faints/완료_0910_H_실신_CAM1_39_masking.mp4",1
"./data_clip_faints/완료_0910_H_실신_CAM2_22_masking.mp4",1
"./data_clip_faints/완료_0909_H_실신_CAM1_2_masking.mp4",1
"./data_clip_faints/완료_0910_H_실신_CAM2_24_masking.mp4",1
"./data_clip_faints/완료_0909_H_실신_CAM6_3_masking.mp4",1
"./data_clip_faints/0917_H_faint_01_214_masking.mp4",1
"./data_clip_faints/1104_H_faint_314_masking.mp4",1
"./data_clip_faints/0917_H_faint_01_264_masking.mp4",1
"./data_clip_faints/0917_H_faint_01_249_masking.mp4",1
"./data_clip_faints/0917_H_faint_01_238_masking.mp4",1
"./data_clip_faints/0917_H_faint_01_273_masking.mp4",1
"./data_clip_faints/1104_H_faint_300_masking.mp4",1
"./data_clip_faints/완료_0910_H_실신_CAM6_31_masking.mp4",1
"./data_clip_faints/완료_0909_H_실신_CAM6_16_masking.mp4",1
"/home/ssslab/Desktop/Dataset/cctv_data/cubox_cctv_data/normal_result/완료_0910_A_정상_01_1인걷기_CAM2_12_masking.mp4",0
"/home/ssslab/Desktop/Dataset/cctv_data/cubox_cctv_data/normal_result/완료_0910_A_정상_10_3명걷기1명배회_CAM6_12_masking.mp4",0
"/home/ssslab/Desktop/Dataset/cctv_data/cubox_cctv_data/normal_result/완료_0910_A_정상_05_3인걷기_CAM6_10_masking.mp4",0
"/home/ssslab/Desktop/Dataset/cctv_data/cubox_cctv_data/normal_result/완료_0910_A_정상_08_1명걷기3명배회_CAM1_16_masking.mp4",0
"/home/ssslab/Desktop/Dataset/cctv_data/cubox_cctv_data/normal_result/0919_A_normal_09_2인걷기2인배회_175_masking.mp4",0
"/home/ssslab/Desktop/Dataset/cctv_data/cubox_cctv_data/normal_result/0917_A_normal_10_116_masking.mp4",0
"/home/ssslab/Desktop/Dataset/cctv_data/cubox_cctv_data/normal_result/0917_A_normal_09_148_masking.mp4",0
"/home/ssslab/Desktop/Dataset/cctv_data/cubox_cctv_data/normal_result/완료_0910_A_정상_04_1인걷기1인배회_CAM3_14_masking.mp4",0
"/home/ssslab/Desktop/Dataset/cctv_data/cubox_cctv_data/normal_result/0917_A_normal_09_144_masking.mp4",0
"/home/ssslab/Desktop/Dataset/cctv_data/cubox_cctv_data/normal_result/완료_0909_A_정상_05_CAM2_2_masking.mp4",0
"/home/ssslab/Desktop/Dataset/cctv_data/cubox_cctv_data/normal_result/완료_0909_A_정상_09_CAM2_1_masking.mp4",0
"/home/ssslab/Desktop/Dataset/cctv_data/cubox_cctv_data/normal_result/완료_0928_A_정상_01_1인걷기_022_masking.mp4",0
"/home/ssslab/Desktop/Dataset/cctv_data/cubox_cctv_data/normal_result/완료_0910_A_정상_03_2인걷기_CAM1_11_masking.mp4",0
"/home/ssslab/Desktop/Dataset/cctv_data/cubox_cctv_data/normal_result/1104_A_normal_05_3인걷기_018_masking.mp4",0
"/home/ssslab/Desktop/Dataset/cctv_data/cubox_cctv_data/normal_result/1104_A_normal_09_2인걷기2인배회_045_masking.mp4",0
"/home/ssslab/Desktop/Dataset/cctv_data/cubox_cctv_data/normal_result/0919_A_normal_09_2인걷기2인배회_183_masking.mp4",0
"/home/ssslab/Desktop/Dataset/cctv_data/cubox_cctv_data/normal_result/1024_A_normal_10_353_masking.mp4",0
"/home/ssslab/Desktop/Dataset/cctv_data/cubox_cctv_data/normal_result/1104_A_normal_03_2인걷기_039_masking.mp4",0
"/home/ssslab/Desktop/Dataset/cctv_data/cubox_cctv_data/normal_result/완료_0909_A_정상_07_CAM3_4_masking.mp4",0
"/home/ssslab/Desktop/Dataset/cctv_data/cubox_cctv_data/normal_result/1104_A_normal_10_3인걷기1인배회_079_masking.mp4",0
"/home/ssslab/Desktop/Dataset/cctv_data/cubox_cctv_data/normal_result/0929_A_normal_08_114_masking.mp4",0
"/home/ssslab/Desktop/Dataset/cctv_data/cubox_cctv_data/normal_result/0917_A_normal_08_104_masking.mp4",0
"/home/ssslab/Desktop/Dataset/cctv_data/cubox_cctv_data/normal_result/0929_A_normal_08_111_masking.mp4",0
"/home/ssslab/Desktop/Dataset/cctv_data/cubox_cctv_data/normal_result/완료_0909_A_정상_06_CAM3_3_masking.mp4",0
"/home/ssslab/Desktop/Dataset/cctv_data/cubox_cctv_data/normal_result/완료_0909_A_정상_02_CAM6_5_masking.mp4",0
"/home/ssslab/Desktop/Dataset/cctv_data/cubox_cctv_data/normal_result/완료_0909_A_정상_05_CAM1_1_masking.mp4",0
"/home/ssslab/Desktop/Dataset/cctv_data/cubox_cctv_data/normal_result/0929_A_normal_09_127__masking.mp4",0
"/home/ssslab/Desktop/Dataset/cctv_data/cubox_cctv_data/normal_result/0919_A_normal_10_3인걷기1인배회_196_masking.mp4",0
"/home/ssslab/Desktop/Dataset/cctv_data/cubox_cctv_data/normal_result/완료_0910_A_정상_04_1인걷기1인배회_CAM6_13_masking.mp4",0
"/home/ssslab/Desktop/Dataset/cctv_data/cubox_cctv_data/normal_result/0919_A_normal_10_3인걷기1인배회_240_masking.mp4",0
"/home/ssslab/Desktop/Dataset/cctv_data/cubox_cctv_data/normal_result/0929_A_normal_09_161_masking.mp4",0
"/home/ssslab/Desktop/Dataset/cctv_data/cubox_cctv_data/normal_result/1104_A_normal_06_1인걷기2인배회_043_masking.mp4",0
"/home/ssslab/Desktop/Dataset/cctv_data/cubox_cctv_data/normal_result/1104_A_normal_08_1인걷기3인배회_019_masking.mp4",0
"/home/ssslab/Desktop/Dataset/cctv_data/cubox_cctv_data/normal_result/0929_A_normal_08_073_masking.mp4",0
"/home/ssslab/Desktop/Dataset/cctv_data/cubox_cctv_data/normal_result/1024_A_normal_09_393_masking.mp4",0
"/home/ssslab/Desktop/Dataset/cctv_data/cubox_cctv_data/normal_result/1104_A_normal_02_1인배회_028_masking.mp4",0
"/home/ssslab/Desktop/Dataset/cctv_data/cubox_cctv_data/normal_result/완료_0909_A_정상_03_CAM2_3_masking.mp4",0
"/home/ssslab/Desktop/Dataset/cctv_data/cubox_cctv_data/normal_result/0917_A_normal_06_122_masking.mp4",0
"/home/ssslab/Desktop/Dataset/cctv_data/cubox_cctv_data/normal_result/1104_A_normal_03_2인걷기_045_masking.mp4",0
"/home/ssslab/Desktop/Dataset/cctv_data/cubox_cctv_data/normal_result/0919_A_normal_04_1인걷기1인배회_123_masking.mp4",0
"/home/ssslab/Desktop/Dataset/cctv_data/cubox_cctv_data/normal_result/완료_0910_A_정상_09_2명걷기2명배회_CAM2_21_masking.mp4",0
"/home/ssslab/Desktop/Dataset/cctv_data/cubox_cctv_data/normal_result/0919_A_normal_10_3인걷기1인배회_180_masking.mp4",0
"/home/ssslab/Desktop/Dataset/cctv_data/cubox_cctv_data/normal_result/0917_A_normal_04_58_masking.mp4",0
"/home/ssslab/Desktop/Dataset/cctv_data/cubox_cctv_data/normal_result/1104_A_normal_10_3인걷기1인배회_069_masking.mp4",0
"/home/ssslab/Desktop/Dataset/cctv_data/cubox_cctv_data/normal_result/1104_A_normal_09_2인걷기2인배회_056_masking.mp4",0
"/home/ssslab/Desktop/Dataset/cctv_data/cubox_cctv_data/normal_result/0929_A_normal_09_123__masking.mp4",0
"/home/ssslab/Desktop/Dataset/cctv_data/cubox_cctv_data/normal_result/0917_A_normal_06_111_masking.mp4",0
"/home/ssslab/Desktop/Dataset/cctv_data/cubox_cctv_data/normal_result/0929_A_normal_09_091_masking.mp4",0
"/home/ssslab/Desktop/Dataset/cctv_data/cubox_cctv_data/normal_result/0929_A_normal_09_093_masking.mp4",0
"/home/ssslab/Desktop/Dataset/cctv_data/cubox_cctv_data/normal_result/완료_0909_A_정상_01_CAM2_4_masking.mp4",0
"/home/ssslab/Desktop/Dataset/cctv_data/cubox_cctv_data/normal_result/완료_0910_A_정상_08_1명걷기3명배회_CAM6_16_masking.mp4",0
"/home/ssslab/Desktop/Dataset/cctv_data/cubox_cctv_data/normal_result/완료_0910_A_정상_03_2인걷기_CAM1_6_masking.mp4",0
"/home/ssslab/Desktop/Dataset/cctv_data/cubox_cctv_data/normal_result/0917_A_normal_01_78_masking.mp4",0
"/home/ssslab/Desktop/Dataset/cctv_data/cubox_cctv_data/normal_result/1104_A_normal_02_1인배회_045_masking.mp4",0
"/home/ssslab/Desktop/Dataset/cctv_data/cubox_cctv_data/normal_result/1104_A_normal_08_1인걷기3인배회_020_masking.mp4",0
"/home/ssslab/Desktop/Dataset/cctv_data/cubox_cctv_data/normal_result/1104_A_normal_08_1인걷기3인배회_009_masking.mp4",0
"/home/ssslab/Desktop/Dataset/cctv_data/cubox_cctv_data/normal_result/완료_0910_A_정상_03_2인걷기_CAM6_11_masking.mp4",0
"/home/ssslab/Desktop/Dataset/cctv_data/cubox_cctv_data/normal_result/0917_A_normal_08_100_masking.mp4",0
"/home/ssslab/Desktop/Dataset/cctv_data/cubox_cctv_data/normal_result/0917_A_normal_09_125_masking.mp4",0
"/home/ssslab/Desktop/Dataset/cctv_data/cubox_cctv_data/normal_result/1104_A_normal_06_1인걷기2인배회_039_masking.mp4",0
"/home/ssslab/Desktop/Dataset/cctv_data/cubox_cctv_data/normal_result/0929_A_normal_09_128__masking.mp4",0
"/home/ssslab/Desktop/Dataset/cctv_data/cubox_cctv_data/normal_result/0929_A_normal_09_144_masking.mp4",0
"/home/ssslab/Desktop/Dataset/cctv_data/cubox_cctv_data/normal_result/0929_A_normal_08_095__masking.mp4",0
"/home/ssslab/Desktop/Dataset/cctv_data/cubox_cctv_data/normal_result/완료_0910_A_정상_03_2인걷기_CAM3_7_masking.mp4",0
"/home/ssslab/Desktop/Dataset/cctv_data/cubox_cctv_data/normal_result/0919_A_normal_07_2인걷기1인배회_143_masking.mp4",0
"/home/ssslab/Desktop/Dataset/cctv_data/cubox_cctv_data/normal_result/1104_A_normal_07_2인걷기1인배회_002_masking.mp4",0
"/home/ssslab/Desktop/Dataset/cctv_data/cubox_cctv_data/normal_result/완료_0909_A_정상_02_CAM1_5_masking.mp4",0
"/home/ssslab/Desktop/Dataset/cctv_data/cubox_cctv_data/normal_result/0919_A_normal_10_3인걷기1인배회_185_masking.mp4",0
"/home/ssslab/Desktop/Dataset/cctv_data/cubox_cctv_data/normal_result/0917_A_normal_02_66_masking.mp4",0
"/home/ssslab/Desktop/Dataset/cctv_data/cubox_cctv_data/normal_result/1104_A_normal_04_1인걷기1인배회_008_masking.mp4",0
"/home/ssslab/Desktop/Dataset/cctv_data/cubox_cctv_data/normal_result/0917_A_normal_04_87_masking.mp4",0
"/home/ssslab/Desktop/Dataset/cctv_data/cubox_cctv_data/normal_result/1104_A_normal_07_2인걷기1인배회_004_masking.mp4",0
"/home/ssslab/Desktop/Dataset/cctv_data/cubox_cctv_data/normal_result/0917_A_normal_10_126_masking.mp4",0
"/home/ssslab/Desktop/Dataset/cctv_data/cubox_cctv_data/normal_result/1104_A_normal_02_1인배회_017_masking.mp4",0
"/home/ssslab/Desktop/Dataset/cctv_data/cubox_cctv_data/normal_result/1104_A_normal_08_1인걷기3인배회_017_masking.mp4",0
"/home/ssslab/Desktop/Dataset/cctv_data/cubox_cctv_data/normal_result/1104_A_normal_09_2인걷기2인배회_053_masking.mp4",0
"/home/ssslab/Desktop/Dataset/cctv_data/cubox_cctv_data/normal_result/0929_A_normal_09_099_masking.mp4",0
"/home/ssslab/Desktop/Dataset/cctv_data/cubox_cctv_data/normal_result/완료_0910_A_정상_08_1명걷기3명배회_CAM1_8_masking.mp4",0
"/home/ssslab/Desktop/Dataset/cctv_data/cubox_cctv_data/normal_result/0917_A_normal_05_76_masking.mp4",0
"/home/ssslab/Desktop/Dataset/cctv_data/cubox_cctv_data/normal_result/완료_0909_A_정상_08_CAM2_5_masking.mp4",0
"/home/ssslab/Desktop/Dataset/cctv_data/cubox_cctv_data/normal_result/완료_0910_A_정상_05_3인걷기_CAM6_13_masking.mp4",0
"/home/ssslab/Desktop/Dataset/cctv_data/cubox_cctv_data/normal_result/완료_0910_A_정상_03_2인걷기_CAM3_9_masking.mp4",0
"/home/ssslab/Desktop/Dataset/cctv_data/cubox_cctv_data/normal_result/0919_A_normal_09_2인걷기2인배회_191_masking.mp4",0
"/home/ssslab/Desktop/Dataset/cctv_data/cubox_cctv_data/normal_result/1104_A_normal_04_1인걷기1인배회_065_masking.mp4",0
"/home/ssslab/Desktop/Dataset/cctv_data/cubox_cctv_data/normal_result/완료_0909_A_정상_04_CAM3_5_masking.mp4",0
"/home/ssslab/Desktop/Dataset/cctv_data/cubox_cctv_data/normal_result/완료_0909_A_정상_10_CAM2_6_masking.mp4",0
"/home/ssslab/Desktop/Dataset/cctv_data/cubox_cctv_data/normal_result/1104_A_normal_06_1인걷기2인배회_008_masking.mp4",0
"/home/ssslab/Desktop/Dataset/cctv_data/cubox_cctv_data/normal_result/1104_A_normal_03_2인걷기_016_masking.mp4",0
"/home/ssslab/Desktop/Dataset/cctv_data/cubox_cctv_data/normal_result/1104_A_normal_04_1인걷기1인배회_058_masking.mp4",0
"/home/ssslab/Desktop/Dataset/cctv_data/cubox_cctv_data/normal_result/1024_A_normal_10_394_masking.mp4",0
"/home/ssslab/Desktop/Dataset/cctv_data/cubox_cctv_data/normal_result/0919_A_normal_09_2인걷기2인배회_182_masking.mp4",0
"/home/ssslab/Desktop/Dataset/cctv_data/cubox_cctv_data/normal_result/0917_A_normal_09_107_masking.mp4",0
"/home/ssslab/Desktop/Dataset/cctv_data/cubox_cctv_data/normal_result/1104_A_normal_09_2인걷기2인배회_066_masking.mp4",0
"/home/ssslab/Desktop/Dataset/cctv_data/cubox_cctv_data/normal_result/0917_A_normal_10_156_masking.mp4",0
"/home/ssslab/Desktop/Dataset/cctv_data/cubox_cctv_data/normal_result/1104_A_normal_04_1인걷기1인배회_006_masking.mp4",0
"/home/ssslab/Desktop/Dataset/cctv_data/cubox_cctv_data/normal_result/0917_A_normal_05_66_masking.mp4",0
"/home/ssslab/Desktop/Dataset/cctv_data/cubox_cctv_data/normal_result/0919_A_normal_09_2인걷기2인배회_166_masking.mp4",0
"/home/ssslab/Desktop/Dataset/cctv_data/cubox_cctv_data/normal_result/0919_A_normal_07_2인걷기1인배회_116_masking.mp4",0
"/home/ssslab/Desktop/Dataset/cctv_data/cubox_cctv_data/normal_result/1104_A_normal_06_1인걷기2인배회_062_masking.mp4",0
"/home/ssslab/Desktop/Dataset/cctv_data/cubox_cctv_data/normal_result/완료_0910_A_정상_04_1인걷기1인배회_CAM1_9_masking.mp4",0
"/home/ssslab/Desktop/Dataset/cctv_data/cubox_cctv_data/normal_result/0917_A_normal_10_115_masking.mp4",0
"/home/ssslab/Desktop/Dataset/cctv_data/cubox_cctv_data/normal_result/0917_A_normal_07_78_masking.mp4",0
"/home/ssslab/Desktop/Dataset/cctv_data/cubox_cctv_data/normal_result/1104_A_normal_08_1인걷기3인배회_040_masking.mp4",0
"/home/ssslab/Desktop/Dataset/cctv_data/cubox_cctv_data/normal_result/1104_A_normal_08_1인걷기3인배회_029_masking.mp4",0
"/home/ssslab/Desktop/Dataset/cctv_data/cubox_cctv_data/normal_result/1104_A_normal_09_2인걷기2인배회_017_masking.mp4",0
"/home/ssslab/Desktop/Dataset/cctv_data/cubox_cctv_data/normal_result/완료_0910_A_정상_10_3명걷기1명배회_CAM3_15_masking.mp4",0
"/home/ssslab/Desktop/Dataset/cctv_data/cubox_cctv_data/normal_result/1104_A_normal_10_3인걷기1인배회_033_masking.mp4",0
"/home/ssslab/Desktop/Dataset/cctv_data/cubox_cctv_data/normal_result/완료_0910_A_정상_07_2명걷기1명배회_CAM1_6_masking.mp4",0
"/home/ssslab/Desktop/Dataset/cctv_data/cubox_cctv_data/normal_result/1104_A_normal_10_3인걷기1인배회_047_masking.mp4",0
"/home/ssslab/Desktop/Dataset/cctv_data/cubox_cctv_data/normal_result/완료_0928_A_정상_01_1인걷기_039_masking.mp4",0
"/home/ssslab/Desktop/Dataset/cctv_data/cubox_cctv_data/normal_result/완료_0928_A_정상_01_1인걷기_012_masking.mp4",0
"/home/ssslab/Desktop/Dataset/cctv_data/cubox_cctv_data/normal_result/완료_0910_A_정상_07_2명걷기1명배회_CAM1_15_masking.mp4",0
"/home/ssslab/Desktop/Dataset/cctv_data/cubox_cctv_data/normal_result/0917_A_normal_09_137_masking.mp4",0
"/home/ssslab/Desktop/Dataset/cctv_data/cubox_cctv_data/normal_result/0929_A_normal_09_083_masking.mp4",0
"/home/ssslab/Desktop/Dataset/cctv_data/cubox_cctv_data/normal_result/완료_0910_A_정상_09_2명걷기2명배회_CAM3_8_masking.mp4",0
"/home/ssslab/Desktop/Dataset/cctv_data/cubox_cctv_data/normal_result/0917_A_normal_09_161_masking.mp4",0
"/home/ssslab/Desktop/Dataset/cctv_data/cubox_cctv_data/normal_result/0917_A_normal_09_152_masking.mp4",0
"/home/ssslab/Desktop/Dataset/cctv_data/cubox_cctv_data/normal_result/0919_A_normal_04_1인걷기1인배회_126_masking.mp4",0
"/home/ssslab/Desktop/Dataset/cctv_data/cubox_cctv_data/normal_result/0919_A_normal_10_3인걷기1인배회_176_masking.mp4",0
"/home/ssslab/Desktop/Dataset/cctv_data/cubox_cctv_data/normal_result/완료_0910_A_정상_06_1명걷기2명배회_CAM3_21_masking.mp4",0
"/home/ssslab/Desktop/Dataset/cctv_data/cubox_cctv_data/normal_result/0917_A_normal_06_123_masking.mp4",0
"/home/ssslab/Desktop/Dataset/cctv_data/cubox_cctv_data/normal_result/1104_A_normal_10_3인걷기1인배회_014_masking.mp4",0
"/home/ssslab/Desktop/Dataset/cctv_data/cubox_cctv_data/normal_result/완료_0910_A_정상_09_2명걷기2명배회_CAM6_13_masking.mp4",0
"/home/ssslab/Desktop/Dataset/cctv_data/cubox_cctv_data/normal_result/0929_A_normal_09_171_masking.mp4",0
"/home/ssslab/Desktop/Dataset/cctv_data/cubox_cctv_data/normal_result/1024_A_normal_10_347_masking.mp4",0
"/home/ssslab/Desktop/Dataset/cctv_data/cubox_cctv_data/normal_result/완료_0909_A_정상_06_CAM6_3_masking.mp4",0
"/home/ssslab/Desktop/Dataset/cctv_data/cubox_cctv_data/normal_result/완료_0910_A_정상_03_2인걷기_CAM6_12_masking.mp4",0
"/home/ssslab/Desktop/Dataset/cctv_data/cubox_cctv_data/normal_result/0929_A_normal_09_094_masking.mp4",0
"/home/ssslab/Desktop/Dataset/cctv_data/cubox_cctv_data/normal_result/완료_0910_A_정상_07_2명걷기1명배회_CAM3_12_masking.mp4",0
"/home/ssslab/Desktop/Dataset/cctv_data/cubox_cctv_data/normal_result/1104_A_normal_10_3인걷기1인배회_035_masking.mp4",0
"/home/ssslab/Desktop/Dataset/cctv_data/cubox_cctv_data/normal_result/완료_0909_A_정상_01_CAM6_1_masking.mp4",0
"/home/ssslab/Desktop/Dataset/cctv_data/cubox_cctv_data/normal_result/0919_A_normal_04_1인걷기1인배회_96_masking.mp4",0
"/home/ssslab/Desktop/Dataset/cctv_data/cubox_cctv_data/normal_result/완료_0910_A_정상_01_1인걷기_CAM1_11_masking.mp4",0
"/home/ssslab/Desktop/Dataset/cctv_data/cubox_cctv_data/normal_result/0929_A_normal_08_070_masking.mp4",0
"/home/ssslab/Desktop/Dataset/cctv_data/cubox_cctv_data/normal_result/완료_0909_A_정상_07_CAM2_5_masking.mp4",0
"/home/ssslab/Desktop/Dataset/cctv_data/cubox_cctv_data/normal_result/완료_0910_A_정상_07_2명걷기1명배회_CAM6_11_masking.mp4",0
"/home/ssslab/Desktop/Dataset/cctv_data/cubox_cctv_data/normal_result/1024_A_normal_10_360_masking.mp4",0
"/home/ssslab/Desktop/Dataset/cctv_data/cubox_cctv_data/normal_result/1104_A_normal_10_3인걷기1인배회_031_masking.mp4",0
"/home/ssslab/Desktop/Dataset/cctv_data/cubox_cctv_data/normal_result/완료_0909_A_정상_07_CAM1_2_masking.mp4",0
"/home/ssslab/Desktop/Dataset/cctv_data/cubox_cctv_data/normal_result/0917_A_normal_10_166_masking.mp4",0
"/home/ssslab/Desktop/Dataset/cctv_data/cubox_cctv_data/normal_result/완료_0909_A_정상_03_CAM2_5_masking.mp4",0
"/home/ssslab/Desktop/Dataset/cctv_data/cubox_cctv_data/normal_result/0919_A_normal_09_2인걷기2인배회_197_masking.mp4",0
"/home/ssslab/Desktop/Dataset/cctv_data/cubox_cctv_data/normal_result/완료_0928_A_정상_01_1인걷기_027_masking.mp4",0
"/home/ssslab/Desktop/Dataset/cctv_data/cubox_cctv_data/normal_result/0917_A_normal_09_155_masking.mp4",0
"/home/ssslab/Desktop/Dataset/cctv_data/cubox_cctv_data/normal_result/완료_0909_A_정상_07_CAM2_1_masking.mp4",0
"/home/ssslab/Desktop/Dataset/cctv_data/cubox_cctv_data/normal_result/완료_0910_A_정상_10_3명걷기1명배회_CAM1_15_masking.mp4",0
"/home/ssslab/Desktop/Dataset/cctv_data/cubox_cctv_data/normal_result/완료_0910_A_정상_09_2명걷기2명배회_CAM3_21_masking.mp4",0
"/home/ssslab/Desktop/Dataset/cctv_data/cubox_cctv_data/normal_result/0917_A_normal_09_153_masking.mp4",0
"/home/ssslab/Desktop/Dataset/cctv_data/cubox_cctv_data/normal_result/1104_A_normal_05_3인걷기_047_masking.mp4",0
"/home/ssslab/Desktop/Dataset/cctv_data/cubox_cctv_data/normal_result/0929_A_normal_08_057_masking.mp4",0
"/home/ssslab/Desktop/Dataset/cctv_data/cubox_cctv_data/normal_result/0917_A_normal_05_92_masking.mp4",0
"/home/ssslab/Desktop/Dataset/cctv_data/cubox_cctv_data/normal_result/1104_A_normal_09_2인걷기2인배회_067_masking.mp4",0
"/home/ssslab/Desktop/Dataset/cctv_data/cubox_cctv_data/normal_result/완료_0910_A_정상_08_1명걷기3명배회_CAM2_19_masking.mp4",0
"/home/ssslab/Desktop/Dataset/cctv_data/cubox_cctv_data/normal_result/0919_A_normal_10_3인걷기1인배회_182_masking.mp4",0
"/home/ssslab/Desktop/Dataset/cctv_data/cubox_cctv_data/normal_result/1104_A_normal_08_1인걷기3인배회_047_masking.mp4",0
"/home/ssslab/Desktop/Dataset/cctv_data/cubox_cctv_data/normal_result/완료_0909_A_정상_07_CAM6_5_masking.mp4",0
"/home/ssslab/Desktop/Dataset/cctv_data/cubox_cctv_data/normal_result/1104_A_normal_02_1인배회_015_masking.mp4",0
"/home/ssslab/Desktop/Dataset/cctv_data/cubox_cctv_data/normal_result/완료_0910_A_정상_09_2명걷기2명배회_CAM1_21_masking.mp4",0
"/home/ssslab/Desktop/Dataset/cctv_data/cubox_cctv_data/normal_result/0929_A_normal_08_116_masking.mp4",0
"/home/ssslab/Desktop/Dataset/cctv_data/cubox_cctv_data/normal_result/1104_A_normal_08_1인걷기3인배회_023_masking.mp4",0
"/home/ssslab/Desktop/Dataset/cctv_data/cubox_cctv_data/normal_result/0929_A_normal_08_065_masking.mp4",0
"/home/ssslab/Desktop/Dataset/cctv_data/cubox_cctv_data/normal_result/완료_0909_A_정상_02_CAM6_2_masking.mp4",0
"/home/ssslab/Desktop/Dataset/cctv_data/cubox_cctv_data/normal_result/0917_A_normal_06_93_masking.mp4",0
"/home/ssslab/Desktop/Dataset/cctv_data/cubox_cctv_data/normal_result/완료_0910_A_정상_09_2명걷기2명배회_CAM6_14_masking.mp4",0
"/home/ssslab/Desktop/Dataset/cctv_data/cubox_cctv_data/normal_result/1104_A_normal_10_3인걷기1인배회_036_masking.mp4",0
"/home/ssslab/Desktop/Dataset/cctv_data/cubox_cctv_data/normal_result/1104_A_normal_06_1인걷기2인배회_055_masking.mp4",0
"/home/ssslab/Desktop/Dataset/cctv_data/cubox_cctv_data/normal_result/완료_0910_A_정상_05_3인걷기_CAM3_14_masking.mp4",0
"/home/ssslab/Desktop/Dataset/cctv_data/cubox_cctv_data/normal_result/1104_A_normal_10_3인걷기1인배회_001_masking.mp4",0
"/home/ssslab/Desktop/Dataset/cctv_data/cubox_cctv_data/normal_result/0917_A_normal_01_62_masking.mp4",0
"/home/ssslab/Desktop/Dataset/cctv_data/cubox_cctv_data/normal_result/완료_0910_A_정상_10_3명걷기1명배회_CAM1_13_masking.mp4",0
"/home/ssslab/Desktop/Dataset/cctv_data/cubox_cctv_data/normal_result/1104_A_normal_09_2인걷기2인배회_030_masking.mp4",0
"/home/ssslab/Desktop/Dataset/cctv_data/cubox_cctv_data/normal_result/완료_0910_A_정상_09_2명걷기2명배회_CAM1_16_masking.mp4",0
"/home/ssslab/Desktop/Dataset/cctv_data/cubox_cctv_data/normal_result/0919_A_normal_10_3인걷기1인배회_211_masking.mp4",0
"/home/ssslab/Desktop/Dataset/cctv_data/cubox_cctv_data/normal_result/0917_A_normal_01_75_masking.mp4",0
"/home/ssslab/Desktop/Dataset/cctv_data/cubox_cctv_data/normal_result/완료_0909_A_정상_02_CAM6_1_masking.mp4",0
"/home/ssslab/Desktop/Dataset/cctv_data/cubox_cctv_data/normal_result/1104_A_normal_06_1인걷기2인배회_007_masking.mp4",0
"/home/ssslab/Desktop/Dataset/cctv_data/cubox_cctv_data/normal_result/1104_A_normal_08_1인걷기3인배회_002_masking.mp4",0
"/home/ssslab/Desktop/Dataset/cctv_data/cubox_cctv_data/normal_result/0917_A_normal_10_168_masking.mp4",0
"/home/ssslab/Desktop/Dataset/cctv_data/cubox_cctv_data/normal_result/1104_A_normal_09_2인걷기2인배회_036_masking.mp4",0
"/home/ssslab/Desktop/Dataset/cctv_data/cubox_cctv_data/normal_result/완료_0910_A_정상_04_1인걷기1인배회_CAM1_11_masking.mp4",0
"/home/ssslab/Desktop/Dataset/cctv_data/cubox_cctv_data/normal_result/1104_A_normal_10_3인걷기1인배회_073_masking.mp4",0
"/home/ssslab/Desktop/Dataset/cctv_data/cubox_cctv_data/normal_result/0919_A_normal_04_1인걷기1인배회_110_masking.mp4",0
"/home/ssslab/Desktop/Dataset/cctv_data/cubox_cctv_data/normal_result/1104_A_normal_10_3인걷기1인배회_040_masking.mp4",0
"/home/ssslab/Desktop/Dataset/cctv_data/cubox_cctv_data/normal_result/1024_A_normal_10_397_masking.mp4",0
"/home/ssslab/Desktop/Dataset/cctv_data/cubox_cctv_data/normal_result/완료_0910_A_정상_06_1명걷기2명배회_CAM6_10_masking.mp4",0
"/home/ssslab/Desktop/Dataset/cctv_data/cubox_cctv_data/normal_result/1104_A_normal_06_1인걷기2인배회_046_masking.mp4",0
"/home/ssslab/Desktop/Dataset/cctv_data/cubox_cctv_data/normal_result/0919_A_normal_09_2인걷기2인배회_202_masking.mp4",0
"/home/ssslab/Desktop/Dataset/cctv_data/cubox_cctv_data/normal_result/완료_0910_A_정상_06_1명걷기2명배회_CAM3_13_masking.mp4",0
"/home/ssslab/Desktop/Dataset/cctv_data/cubox_cctv_data/normal_result/0917_A_normal_05_81_masking.mp4",0
"/home/ssslab/Desktop/Dataset/cctv_data/cubox_cctv_data/normal_result/완료_0909_A_정상_03_CAM3_2_masking.mp4",0
"/home/ssslab/Desktop/Dataset/cctv_data/cubox_cctv_data/normal_result/0919_A_normal_04_1인걷기1인배회_128_masking.mp4",0
"/home/ssslab/Desktop/Dataset/cctv_data/cubox_cctv_data/normal_result/1104_A_normal_08_1인걷기3인배회_008_masking.mp4",0
"/home/ssslab/Desktop/Dataset/cctv_data/cubox_cctv_data/normal_result/0919_A_normal_10_3인걷기1인배회_250_masking.mp4",0
"/home/ssslab/Desktop/Dataset/cctv_data/cubox_cctv_data/normal_result/완료_0910_A_정상_09_2명걷기2명배회_CAM3_20_masking.mp4",0
"/home/ssslab/Desktop/Dataset/cctv_data/cubox_cctv_data/normal_result/0917_A_normal_03_67_masking.mp4",0
"/home/ssslab/Desktop/Dataset/cctv_data/cubox_cctv_data/normal_result/완료_0910_A_정상_10_3명걷기1명배회_CAM6_21_masking.mp4",0
"/home/ssslab/Desktop/Dataset/cctv_data/cubox_cctv_data/normal_result/완료_0910_A_정상_09_2명걷기2명배회_CAM6_18_masking.mp4",0
"/home/ssslab/Desktop/Dataset/cctv_data/cubox_cctv_data/normal_result/1104_A_normal_07_2인걷기1인배회_023_masking.mp4",0
"/home/ssslab/Desktop/Dataset/cctv_data/cubox_cctv_data/normal_result/완료_0910_A_정상_08_1명걷기3명배회_CAM1_10_masking.mp4",0
"/home/ssslab/Desktop/Dataset/cctv_data/cubox_cctv_data/normal_result/0917_A_normal_07_112_masking.mp4",0
"/home/ssslab/Desktop/Dataset/cctv_data/cubox_cctv_data/normal_result/0917_A_normal_06_86_masking.mp4",0
"./data_clip/0917_B_dash_02_90_masking.mp4",2
"./data_clip/완료_0909_B_돌진_02_CAM2_6_masking.mp4",2
"./data_clip/0919_B_dash_05_1인걷기2인돌진_144_masking.mp4",2
"./data_clip/완료_0909_B_돌진_04_CAM1_1_masking.mp4",2
"./data_clip/완료_0909_B_돌진_03_CAM3_9_masking.mp4",2
"./data_clip/0919_B_dash_06_3인돌진_125_masking.mp4",2
"./data_clip/완료_0909_B_돌진_08_CAM2_8_masking.mp4",2
"./data_clip/완료_0928_B_돌진_06_3인돌진_022_masking.mp4",2
"./data_clip/완료_0910_B_돌진_08_2명걷기2명돌진_CAM1_11_masking.mp4",2
"./data_clip/완료_0928_B_돌진_07_3인걷기1인돌진_009_masking.mp4",2
"./data_clip/완료_0910_B_돌진_03_2인돌진_CAM1_11_masking.mp4",2
"./data_clip/0929_B_dash_01_024__masking.mp4",2
"./data_clip/0929_B_dash_10_047_masking.mp4",2
"./data_clip/0917_B_dash_03_84_masking.mp4",2
"./data_clip/0919_B_dash_09_1인걷기3인돌진_144_masking.mp4",2
"./data_clip/완료_0909_B_돌진_02_CAM3_3_masking.mp4",2
"./data_clip/완료_0910_B_돌진_04_2인걷기1인돌진_CAM3_12_masking.mp4",2
"./data_clip/완료_0909_B_돌진_06_CAM2_7_masking.mp4",2
"./data_clip/완료_0909_B_돌진_09_CAM3_1_masking.mp4",2
"./data_clip/완료_0928_B_돌진_04_2인걷기1인돌진_033_masking.mp4",2
"./data_clip/완료_0909_B_돌진_07_CAM3_2_masking.mp4",2
"./data_clip/완료_0910_B_돌진_08_2명걷기2명돌진_CAM1_20_masking.mp4",2
"./data_clip/완료_0909_B_돌진_02_CAM3_9_masking.mp4",2
"./data_clip/완료_0928_B_돌진_01_1인돌진_031_masking.mp4",2
"./data_clip/완료_0910_B_돌진_03_2인돌진_CAM6_16_masking.mp4",2
"./data_clip/완료_0909_B_돌진_05_CAM2_1_masking.mp4",2
"./data_clip/완료_0909_B_돌진_07_CAM6_4_masking.mp4",2
"./data_clip/완료_0909_B_돌진_09_CAM1_4_masking.mp4",2
"./data_clip/완료_0910_B_돌진_01_1인돌진_CAM2_16_masking.mp4",2
"./data_clip/0919_B_dash_08_2인걷기2인돌진_163_masking.mp4",2
"./data_clip/완료_0910_B_돌진_04_2인걷기1인돌진_CAM1_13_masking.mp4",2
"./data_clip/완료_0909_B_돌진_09_CAM2_3_masking.mp4",2
"./data_clip/0917_B_dash_02_109_masking.mp4",2
"./data_clip/0917_B_dash_04_82_masking.mp4",2
"./data_clip/0929_B_dash_07_041_masking.mp4",2
"./data_clip/0917_B_dash_06_92_masking.mp4",2
"./data_clip/0917_B_dash_02_110_masking.mp4",2
"./data_clip/완료_0928_B_돌진_01_1인돌진_015_masking.mp4",2
"./data_clip/완료_0928_B_돌진_10_4인돌진_038_masking.mp4",2
"./data_clip/완료_0909_B_돌진_09_CAM2_8_masking.mp4",2
"./data_clip/완료_0928_B_돌진_02_1인걷기1인돌진_028_masking.mp4",2
"./data_clip/0917_B_dash_03_97_masking.mp4",2
"./data_clip/0917_B_dash_07_82_masking.mp4",2
"./data_clip/0917_B_dash_10_115_masking.mp4",2
"./data_clip/0919_B_dash_05_1인걷기2인돌진_133_masking.mp4",2
"./data_clip/완료_0928_B_돌진_05_1인걷기2인돌진_003_masking.mp4",2
"./data_clip/0919_B_dash_04_2인걷기1인돌진_136_masking.mp4",2
"./data_clip/완료_0928_B_돌진_06_3인돌진_008_masking.mp4",2
"./data_clip/완료_0910_B_돌진_06_3인돌진_CAM3_13_masking.mp4",2
"./data_clip/완료_0928_B_돌진_07_3인걷기1인돌진_039_masking.mp4",2
"./data_clip/완료_0928_B_돌진_06_3인돌진_024_masking.mp4",2
"./data_clip/0929_B_dash_07_051_masking.mp4",2
"./data_clip/완료_0909_B_돌진_03_CAM3_8_masking.mp4",2
"./data_clip/0917_B_dash_09_81_masking.mp4",2
"./data_clip/완료_0909_B_돌진_01_CAM1_4_masking.mp4",2
"./data_clip/0917_B_dash_02_104_masking.mp4",2
"./data_clip/완료_0909_B_돌진_08_CAM2_7_masking.mp4",2
"./data_clip/완료_0928_B_돌진_09_1인걷기3인돌진_004_masking.mp4",2
"./data_clip/완료_0928_B_돌진_07_3인걷기1인돌진_024_masking.mp4",2
"./data_clip/0919_B_dash_10_4인돌진_120_masking.mp4",2
"./data_clip/완료_0928_B_돌진_04_2인걷기1인돌진_019_masking.mp4",2
"./data_clip/완료_0928_B_돌진_01_1인돌진_047_masking.mp4",2
"./data_clip/완료_0909_B_돌진_01_CAM6_7_masking.mp4",2
"./data_clip/완료_0909_B_돌진_09_CAM3_3_masking.mp4",2
"./data_clip/완료_0928_B_돌진_07_3인걷기1인돌진_011_masking.mp4",2
"./data_clip/완료_0928_B_돌진_07_3인걷기1인돌진_025_masking.mp4",2
"./data_clip/완료_0910_B_돌진_06_3인돌진_CAM3_14_masking.mp4",2
"./data_clip/완료_0910_B_돌진_01_1인돌진_CAM6_18_masking.mp4",2
"./data_clip/0917_B_dash_02_98_masking.mp4",2
"./data_clip/완료_0910_B_돌진_09_1명걷기3명돌진_CAM1_12_masking.mp4",2
"./data_clip/0919_B_dash_04_2인걷기1인돌진_127_masking.mp4",2
"./data_clip/0917_B_dash_05_90_masking.mp4",2
"./data_clip/0917_B_dash_05_101_masking.mp4",2
"./data_clip/완료_0928_B_돌진_09_1인걷기3인돌진_030_masking.mp4",2
"./data_clip/완료_0910_B_돌진_02_1인걷기1인돌진_CAM1_17_masking.mp4",2
"./data_clip/0919_B_dash_05_1인걷기2인돌진_141_masking.mp4",2
"./data_clip/완료_0910_B_돌진_07_3인걷기1인돌진_CAM6_11_masking.mp4",2
"./data_clip/완료_0928_B_돌진_05_1인걷기2인돌진_008_masking.mp4",2
"./data_clip/완료_0909_B_돌진_01_CAM2_8_masking.mp4",2
"./data_clip/완료_0910_B_돌진_02_1인걷기1인돌진_CAM1_14_masking.mp4",2
"./data_clip/완료_0928_B_돌진_10_4인돌진_022_masking.mp4",2
"./data_clip/완료_0928_B_돌진_02_1인걷기1인돌진_003_masking.mp4",2
"./data_clip/완료_0928_B_돌진_08_2인걷기2인돌진_021_masking.mp4",2
"./data_clip/0917_B_dash_10_106_masking.mp4",2
"./data_clip/0919_B_dash_03_2인돌진_141_masking.mp4",2
"./data_clip/완료_0910_B_돌진_08_2명걷기2명돌진_CAM6_12_masking.mp4",2
"./data_clip/완료_0909_B_돌진_02_CAM1_7_masking.mp4",2
"./data_clip/완료_0928_B_돌진_01_1인돌진_026_masking.mp4",2
"./data_clip/완료_0930_B_돌진_01_1인돌진_16_masking.mp4",2
"./data_clip/0917_B_dash_06_102_masking.mp4",2
"./data_clip/완료_0928_B_돌진_06_3인돌진_020_masking.mp4",2
"./data_clip/완료_0928_B_돌진_06_3인돌진_033_masking.mp4",2
"./data_clip/0917_B_dash_06_95_masking.mp4",2
"./data_clip/완료_0910_B_돌진_10_4명돌진_CAM2_16_masking.mp4",2
"./data_clip/완료_0928_B_돌진_06_3인돌진_004_masking.mp4",2
"./data_clip/0917_B_dash_10_100_masking.mp4",2
"./data_clip/0917_B_dash_05_86_masking.mp4",2
"./data_clip/0917_B_dash_01_153_masking.mp4",2
"./data_clip/완료_0910_B_돌진_10_4명돌진_CAM1_15_masking.mp4",2
"./data_clip/완료_0909_B_돌진_02_CAM3_6_masking.mp4",2
"./data_clip/0919_B_dash_03_2인돌진_150_masking.mp4",2
"./data_clip/완료_0928_B_돌진_10_4인돌진_007_masking.mp4",2
"./data_clip/완료_0930_B_돌진_01_1인돌진_13_masking.mp4",2
"./data_clip/완료_0910_B_돌진_02_1인걷기1인돌진_CAM6_18_masking.mp4",2
"./data_clip/0919_B_dash_09_1인걷기3인돌진_159_masking.mp4",2
"./data_clip/0917_B_dash_04_94_masking.mp4",2
"./data_clip/완료_0910_B_돌진_04_2인걷기1인돌진_CAM2_11_masking.mp4",2
"./data_clip/완료_0909_B_돌진_03_CAM2_8_masking.mp4",2
"./data_clip/완료_0909_B_돌진_03_CAM2_5_masking.mp4",2
"./data_clip/완료_0910_B_돌진_03_2인돌진_CAM1_14_masking.mp4",2
"./data_clip/완료_0909_B_돌진_06_CAM2_6_masking.mp4",2
"./data_clip/0919_B_dash_07_3인걷기1인돌진_138__masking.mp4",2
"./data_clip/0929_B_dash_07_050_masking.mp4",2
"./data_clip/완료_0910_B_돌진_06_3인돌진_CAM3_15_masking.mp4",2
"./data_clip/완료_0910_B_돌진_08_2명걷기2명돌진_CAM3_15_masking.mp4",2
"./data_clip/완료_0910_B_돌진_07_3인걷기1인돌진_CAM1_15_masking.mp4",2
"./data_clip/완료_0909_B_돌진_04_CAM6_2_masking.mp4",2
"./data_clip/완료_0910_B_돌진_06_3인돌진_CAM2_17_masking.mp4",2
"./data_clip/0917_B_dash_07_90_masking.mp4",2
"./data_clip/0929_B_dash_01_010_masking.mp4",2
"./data_clip/완료_0909_B_돌진_10_CAM6_2_masking.mp4",2
"./data_clip/완료_0928_B_돌진_02_1인걷기1인돌진_011_masking.mp4",2
"./data_clip/0917_B_dash_05_98_masking.mp4",2
"./data_clip/완료_0909_B_돌진_01_CAM1_10_masking.mp4",2
"./data_clip/0919_B_dash_08_2인걷기2인돌진_157_masking.mp4",2
"./data_clip/완료_0910_B_돌진_02_1인걷기1인돌진_CAM6_19_masking.mp4",2
"./data_clip/완료_0928_B_돌진_01_1인돌진_041_masking.mp4",2
"./data_clip/0919_B_dash_04_2인걷기1인돌진_137_masking.mp4",2
"./data_clip/완료_0928_B_돌진_08_2인걷기2인돌진_024_masking.mp4",2
"./data_clip/0929_B_dash_10_059_masking.mp4",2
"./data_clip/0929_B_dash_06_043_masking.mp4",2
"./data_clip/0917_B_dash_03_85_masking.mp4",2
"./data_clip/완료_0910_B_돌진_07_3인걷기1인돌진_CAM6_17_masking.mp4",2
"./data_clip/완료_0909_B_돌진_03_CAM6_1_masking.mp4",2
"./data_clip/0919_B_dash_03_2인돌진_117_masking.mp4",2
"./data_clip/완료_0909_B_돌진_09_CAM6_5_masking.mp4",2
"./data_clip/완료_0930_B_돌진_01_1인돌진_3_masking.mp4",2
"./data_clip/완료_0909_B_돌진_01_CAM3_3_masking.mp4",2
"./data_clip/완료_0928_B_돌진_01_1인돌진_020_masking.mp4",2
"./data_clip/0917_B_dash_09_87_masking.mp4",2
"./data_clip/0917_B_dash_07_91_masking.mp4",2
"./data_clip/완료_0910_B_돌진_01_1인돌진_CAM2_17_masking.mp4",2
"./data_clip/완료_0910_B_돌진_10_4명돌진_CAM2_17_masking.mp4",2
"./data_clip/완료_0910_B_돌진_02_1인걷기1인돌진_CAM2_16_masking.mp4",2
"./data_clip/완료_0909_B_돌진_05_CAM3_9_masking.mp4",2
"./data_clip/완료_0909_B_돌진_01_CAM1_1_masking.mp4",2
"./data_clip/완료_0910_B_돌진_10_4명돌진_CAM3_10_masking.mp4",2
"./data_clip/완료_0930_B_돌진_01_1인돌진_11_masking.mp4",2
"./data_clip/0917_B_dash_07_112_masking.mp4",2
"./data_clip/완료_0910_B_돌진_03_2인돌진_CAM3_15_masking.mp4",2
"./data_clip/완료_0909_B_돌진_06_CAM3_5_masking.mp4",2
"./data_clip/0917_B_dash_03_109_masking.mp4",2
"./data_clip/0917_B_dash_04_119_masking.mp4",2
"./data_clip/완료_0909_B_돌진_03_CAM2_4_masking.mp4",2
"./data_clip/0917_B_dash_04_117_masking.mp4",2
"./data_clip/완료_0910_B_돌진_04_2인걷기1인돌진_CAM1_16_masking.mp4",2
"./data_clip/0917_B_dash_05_77_masking.mp4",2
"./data_clip/0919_B_dash_07_3인걷기1인돌진_147_masking.mp4",2
"./data_clip/완료_0909_B_돌진_01_CAM6_5_masking.mp4",2
"./data_clip/0919_B_dash_05_1인걷기2인돌진_139_masking.mp4",2
"./data_clip/0919_B_dash_04_2인걷기1인돌진_143_masking.mp4",2
"./data_clip/완료_0910_B_돌진_04_2인걷기1인돌진_CAM2_17_masking.mp4",2
"./data_clip/0917_B_dash_01_146_masking.mp4",2
"./data_clip/0917_B_dash_04_102_masking.mp4",2
"./data_clip/0917_B_dash_06_112_masking.mp4",2
"./data_clip/0919_B_dash_07_3인걷기1인돌진_132_masking.mp4",2
"./data_clip/완료_0909_B_돌진_04_CAM3_8_masking.mp4",2
"./data_clip/완료_0928_B_돌진_03_2인돌진_023_masking.mp4",2
"./data_clip/0917_B_dash_10_99_masking.mp4",2
"./data_clip/완료_0928_B_돌진_08_2인걷기2인돌진_006_masking.mp4",2
"./data_clip/완료_0928_B_돌진_07_3인걷기1인돌진_026_masking.mp4",2
"./data_clip/완료_0928_B_돌진_06_3인돌진_037_masking.mp4",2
"./data_clip/완료_0910_B_돌진_01_1인돌진_CAM1_12_masking.mp4",2
"./data_clip/완료_0909_B_돌진_04_CAM2_6_masking.mp4",2
"./data_clip/0919_B_dash_10_4인돌진_139_masking.mp4",2
"./data_clip/0917_B_dash_07_87_masking.mp4",2
"./data_clip/0919_B_dash_03_2인돌진_144_masking.mp4",2
"./data_clip/완료_0928_B_돌진_05_1인걷기2인돌진_014_masking.mp4",2
"./data_clip/완료_0910_B_돌진_02_1인걷기1인돌진_CAM2_13_masking.mp4",2
"./data_clip/완료_0910_B_돌진_02_1인걷기1인돌진_CAM1_21_masking.mp4",2
"./data_clip/완료_0910_B_돌진_07_3인걷기1인돌진_CAM3_14_masking.mp4",2
"./data_clip/완료_0909_B_돌진_07_CAM6_10_masking.mp4",2
"./data_clip/완료_0909_B_돌진_06_CAM2_10_masking.mp4",2
"./data_clip/0919_B_dash_06_3인돌진_145_masking.mp4",2
"./data_clip/완료_0928_B_돌진_04_2인걷기1인돌진_024_masking.mp4",2
"./data_clip/완료_0930_B_돌진_01_1인돌진_4_masking.mp4",2
"./data_clip/완료_0909_B_돌진_04_CAM6_4_masking.mp4",2
"./data_clip/완료_0910_B_돌진_01_1인돌진_CAM3_24_masking.mp4",2
"./data_clip/0919_B_dash_02_1인걷기1인돌진_147_masking.mp4",2
"./data_clip/완료_0910_B_돌진_06_3인돌진_CAM6_15_masking.mp4",2
"./data_clip/완료_0909_B_돌진_03_CAM3_5_masking.mp4",2
"./data_clip/0919_B_dash_04_2인걷기1인돌진_133_masking.mp4",2
"./data_clip/0919_B_dash_05_1인걷기2인돌진_134_masking.mp4",2
"./data_clip/0917_B_dash_10_80_masking.mp4",2
"./data_clip/0917_B_dash_05_110_masking.mp4",2
"./data_clip/완료_0909_B_돌진_09_CAM3_6_masking.mp4",2
"./data_clip/완료_0910_B_돌진_01_1인돌진_CAM3_16_masking.mp4",2
"./data_clip/0929_B_dash_04_048_masking.mp4",2
"./data_clip/완료_0909_B_돌진_10_CAM3_4_masking.mp4",2
"./data_clip/완료_0909_B_돌진_07_CAM3_8_masking.mp4",2
"./data_clip/완료_0909_B_돌진_02_CAM3_4_masking.mp4",2
"./data_clip_violence/0919_F_violence_318_masking.mp4",3
"./data_clip_violence/완료_0910_F_폭행_CAM2_21_masking.mp4",3
"./data_clip_violence/0917_F_violence_01_181_masking.mp4",3
"./data_clip_violence/완료_0909_F_폭행_CAM2_2_masking.mp4",3
"./data_clip_violence/1104_F_violence_244_masking.mp4",3
"./data_clip_violence/0919_F_violence_333_masking.mp4",3
"./data_clip_violence/0919_F_violence_249_masking.mp4",3
"./data_clip_violence/완료_0910_F_폭행_CAM2_27_masking.mp4",3
"./data_clip_violence/1104_F_violence_216_masking.mp4",3
"./data_clip_violence/0917_F_violence_01_167_masking.mp4",3
"./data_clip_violence/1104_F_violence_219_masking.mp4",3
"./data_clip_violence/0919_F_violence_334_masking.mp4",3
"./data_clip_violence/0919_F_violence_316_masking.mp4",3
"./data_clip_violence/완료_0909_F_폭행_CAM3_15_masking.mp4",3
"./data_clip_violence/0919_F_violence_321_masking.mp4",3
"./data_clip_violence/0917_F_violence_01_190_masking.mp4",3
"./data_clip_violence/0917_F_violence_01_170_masking.mp4",3
"./data_clip_violence/완료_0910_F_폭행_CAM6_21_masking.mp4",3
"./data_clip_violence/0919_F_violence_258_masking.mp4",3
"./data_clip_violence/완료_0910_F_폭행_CAM3_21_masking.mp4",3
"./data_clip_violence/0917_F_violence_01_156_masking.mp4",3
"./data_clip_violence/완료_0909_F_폭행_CAM6_7_masking.mp4",3
"./data_clip_violence/완료_0909_F_폭행_CAM3_12_masking.mp4",3
"./data_clip_violence/0919_F_violence_328_masking.mp4",3
"./data_clip_violence/1104_F_violence_246_masking.mp4",3
"./data_clip_violence/0919_F_violence_330_masking.mp4",3
"./data_clip_violence/0919_F_violence_248_masking.mp4",3
"./data_clip_violence/0919_F_violence_312_masking.mp4",3
"./data_clip_violence/완료_0909_F_폭행_CAM6_5_masking.mp4",3
"./data_clip_violence/완료_0909_F_폭행_CAM1_10_masking.mp4",3
"./data_clip_violence/0919_F_violence_307_masking.mp4",3
"./data_clip_violence/0917_F_violence_01_163_masking.mp4",3
"./data_clip_violence/1104_F_violence_233_masking.mp4",3
"./data_clip_violence/1104_F_violence_236_masking.mp4",3
"./data_clip_violence/0919_F_violence_253_masking.mp4",3
"./data_clip_violence/0917_F_violence_01_207_masking.mp4",3
"./data_clip_violence/완료_0909_F_폭행_CAM3_2_masking.mp4",3
"./data_clip_violence/완료_0909_F_폭행_CAM1_7_masking.mp4",3
"./data_clip_violence/0917_F_violence_01_176_masking.mp4",3
"./data_clip_violence/0919_F_violence_283_masking.mp4",3
"./data_clip_violence/완료_0909_F_폭행_CAM3_3_masking.mp4",3
"./data_clip_violence/0917_F_violence_01_172_masking.mp4",3
"./data_clip_violence/완료_0909_F_폭행_CAM6_12_masking.mp4",3
"./data_clip_violence/0917_F_violence_01_185_masking.mp4",3
"./data_clip_violence/완료_0909_F_폭행_CAM2_11_masking.mp4",3
"./data_clip_violence/완료_0909_F_폭행_CAM2_14_masking.mp4",3
"./data_clip_violence/0917_F_violence_01_129_masking.mp4",3
"./data_clip_violence/0919_F_violence_256_masking.mp4",3
"./data_clip_violence/0917_F_violence_01_187_masking.mp4",3
"./data_clip_violence/완료_0909_F_폭행_CAM2_8_masking.mp4",3
"./data_clip_violence/0919_F_violence_310_masking.mp4",3
"./data_clip_violence/0917_F_violence_01_130_masking.mp4",3
"./data_clip_violence/0917_F_violence_01_174_masking.mp4",3
"./data_clip_violence/1104_F_violence_223_masking.mp4",3
"./data_clip_violence/1104_F_violence_215_masking.mp4",3
"./data_clip_violence/0917_F_violence_01_188_masking.mp4",3
"./data_clip_violence/완료_0910_F_폭행_CAM2_28_masking.mp4",3
"./data_clip_violence/0919_F_violence_309_masking.mp4",3
"./data_clip_violence/완료_0909_F_폭행_CAM6_1_masking.mp4",3
"./data_clip_violence/0917_F_violence_01_183_masking.mp4",3
"./data_clip_violence/0919_F_violence_294_masking.mp4",3
"./data_clip_violence/1104_F_violence_247_masking.mp4",3
"./data_clip_violence/0917_F_violence_01_141_masking.mp4",3
"./data_clip_violence/0917_F_violence_01_198_masking.mp4",3
"./data_clip_violence/0919_F_violence_326_masking.mp4",3
"./data_clip_violence/0917_F_violence_01_196_masking.mp4",3
"./data_clip_violence/1104_F_violence_237_masking.mp4",3
"./data_clip_violence/1104_F_violence_226_masking.mp4",3
"./data_clip_violence/1104_F_violence_227_masking.mp4",3
"./data_clip_violence/0917_F_violence_01_202_masking.mp4",3
"./data_clip_violence/0917_F_violence_01_175_masking.mp4",3
"./data_clip_violence/완료_0909_F_폭행_CAM1_15_masking.mp4",3
"./data_clip_violence/0919_F_violence_263_masking.mp4",3
"./data_clip_violence/0919_F_violence_335_masking.mp4",3
"./data_clip_violence/0917_F_violence_01_123_masking.mp4",3
"./data_clip_violence/완료_0910_F_폭행_CAM2_22_masking.mp4",3
"./data_clip_violence/0919_F_violence_269_masking.mp4",3
"./data_clip_violence/1104_F_violence_218_masking.mp4",3
"./data_clip_violence/0917_F_violence_01_177_masking.mp4",3
"./data_clip_violence/0917_F_violence_01_127_masking.mp4",3
"./data_clip_violence/완료_0909_F_폭행_CAM2_10_masking.mp4",3
"./data_clip_violence/0917_F_violence_01_133_masking.mp4",3
"./data_clip_violence/0917_F_violence_01_154_masking.mp4",3
"./data_clip_violence/1104_F_violence_231_masking.mp4",3
"./data_clip_violence/0917_F_violence_01_125_masking.mp4",3
"./data_clip_violence/0919_F_violence_265_masking.mp4",3
"./data_clip_violence/0917_F_violence_01_113_masking.mp4",3
"./data_clip_violence/완료_0910_F_폭행_CAM3_26_masking.mp4",3
"./data_clip_violence/완료_0909_F_폭행_CAM1_13_masking.mp4",3
"./data_clip_violence/0917_F_violence_01_195_masking.mp4",3
"./data_clip_violence/1104_F_violence_232_masking.mp4",3
"./data_clip_violence/0919_F_violence_308_masking.mp4",3
"./data_clip_violence/1104_F_violence_217_masking.mp4",3
"./data_clip_violence/0917_F_violence_01_169_masking.mp4",3
"./data_clip_violence/0917_F_violence_01_120_masking.mp4",3
"./data_clip_violence/0919_F_violence_320_masking.mp4",3
"./data_clip_violence/완료_0910_F_폭행_CAM3_23_masking.mp4",3
"./data_clip_violence/0917_F_violence_01_143_masking.mp4",3
"./data_clip_violence/완료_0910_F_폭행_CAM2_24_masking.mp4",3
"./data_clip_violence/0917_F_violence_01_159_masking.mp4",3
"./data_clip_violence/0919_F_violence_278_masking.mp4",3
"./data_clip_violence/완료_0910_F_폭행_CAM6_19_masking.mp4",3
"./data_clip_violence/완료_0910_F_폭행_CAM3_22_masking.mp4",3
"./data_clip_violence/0917_F_violence_01_121_masking.mp4",3
"./data_clip_violence/0917_F_violence_01_126_masking.mp4",3
"./data_clip_violence/완료_0909_F_폭행_CAM1_11_masking.mp4",3
"./data_clip_violence/0919_F_violence_255_masking.mp4",3
"./data_clip_violence/0919_F_violence_304_masking.mp4",3
"./data_clip_violence/0917_F_violence_01_164_masking.mp4",3
"./data_clip_violence/0919_F_violence_273_masking.mp4",3
"./data_clip_violence/완료_0909_F_폭행_CAM3_9_masking.mp4",3
"./data_clip_violence/0919_F_violence_260_masking.mp4",3
"./data_clip_violence/0917_F_violence_01_205_masking.mp4",3
"./data_clip_violence/0919_F_violence_257_masking.mp4",3
"./data_clip_violence/0919_F_violence_290_masking.mp4",3
"./data_clip_violence/0919_F_violence_296_masking.mp4",3
"./data_clip_violence/0917_F_violence_01_166_masking.mp4",3
"./data_clip_violence/0917_F_violence_01_178_masking.mp4",3
"./data_clip_violence/완료_0909_F_폭행_CAM1_5_masking.mp4",3
"./data_clip_violence/완료_0910_F_폭행_CAM3_25_masking.mp4",3
"./data_clip_violence/0919_F_violence_250_masking.mp4",3
"./data_clip_violence/완료_0910_F_폭행_CAM3_20_masking.mp4",3
"./data_clip_violence/완료_0910_F_폭행_CAM2_19_masking.mp4",3
"./data_clip_violence/완료_0909_F_폭행_CAM6_10_masking.mp4",3
"./data_clip_violence/완료_0910_F_폭행_CAM1_26_masking.mp4",3
"./data_clip_violence/0917_F_violence_01_150_masking.mp4",3
"./data_clip_violence/0917_F_violence_01_144_masking.mp4",3
"./data_clip_violence/완료_0910_F_폭행_CAM6_20_masking.mp4",3
"./data_clip_violence/0917_F_violence_01_179_masking.mp4",3
"./data_clip_violence/0917_F_violence_01_157_masking.mp4",3
"./data_clip_violence/0917_F_violence_01_211_masking.mp4",3
"./data_clip_violence/완료_0909_F_폭행_CAM6_11_masking.mp4",3
"./data_clip_violence/0919_F_violence_274_masking.mp4",3
"./data_clip_violence/0919_F_violence_281_masking.mp4",3
"./data_clip_violence/0919_F_violence_279_masking.mp4",3
"./data_clip_violence/완료_0909_F_폭행_CAM2_9_masking.mp4",3
"./data_clip_violence/완료_0909_F_폭행_CAM3_13_masking.mp4",3
"./data_clip_violence/0917_F_violence_01_199_masking.mp4",3
"./data_clip_violence/완료_0909_F_폭행_CAM2_3_masking.mp4",3
"./data_clip_violence/0919_F_violence_299_masking.mp4",3
"./data_clip_violence/0917_F_violence_01_162_masking.mp4",3
"./data_clip_violence/완료_0909_F_폭행_CAM1_14_masking.mp4",3
"./data_clip_violence/완료_0910_F_폭행_CAM6_17_masking.mp4",3
"./data_clip_violence/0917_F_violence_01_180_masking.mp4",3
"./data_clip_violence/0917_F_violence_01_146_masking.mp4",3
"./data_clip_violence/0917_F_violence_01_193_masking.mp4",3
"./data_clip_violence/완료_0910_F_폭행_CAM1_20_masking.mp4",3
"./data_clip_violence/완료_0910_F_폭행_CAM2_26_masking.mp4",3
"./data_clip_violence/0919_F_violence_287_masking.mp4",3
"./data_clip_violence/0917_F_violence_01_149_masking.mp4",3
"./data_clip_violence/0917_F_violence_01_122_masking.mp4",3
"./data_clip_violence/0919_F_violence_252_masking.mp4",3
"./data_clip_violence/0917_F_violence_01_147_masking.mp4",3
"./data_clip_violence/완료_0909_F_폭행_CAM3_11_masking.mp4",3
"./data_clip_violence/0919_F_violence_314_masking.mp4",3
"./data_clip_violence/0917_F_violence_01_124_masking.mp4",3
"./data_clip_violence/0919_F_violence_276_masking.mp4",3
"./data_clip_violence/완료_0909_F_폭행_CAM2_5_masking.mp4",3
"./data_clip_violence/0919_F_violence_271_masking.mp4",3
"./data_clip_violence/완료_0910_F_폭행_CAM6_24_masking.mp4",3
"./data_clip_violence/완료_0910_F_폭행_CAM3_24_masking.mp4",3
"./data_clip_violence/완료_0909_F_폭행_CAM3_10_masking.mp4",3
"./data_clip_violence/0919_F_violence_297_masking.mp4",3
"./data_clip_violence/0917_F_violence_01_140_masking.mp4",3
"./data_clip_violence/완료_0909_F_폭행_CAM3_5_masking.mp4",3
"./data_clip_violence/완료_0909_F_폭행_CAM3_16_masking.mp4",3
"./data_clip_violence/0919_F_violence_262_masking.mp4",3
"./data_clip_violence/1104_F_violence_228_masking.mp4",3
"./data_clip_violence/0919_F_violence_277_masking.mp4",3
"./data_clip_violence/0917_F_violence_01_168_masking.mp4",3
"./data_clip_violence/0917_F_violence_01_131_masking.mp4",3
"./data_clip_violence/0917_F_violence_01_128_masking.mp4",3
"./data_clip_violence/0917_F_violence_01_204_masking.mp4",3
"./data_clip_violence/1104_F_violence_222_masking.mp4",3
"./data_clip_violence/완료_0910_F_폭행_CAM1_21_masking.mp4",3
"./data_clip_violence/완료_0910_F_폭행_CAM6_26_masking.mp4",3
"./data_clip_violence/1104_F_violence_241_masking.mp4",3
"./data_clip_violence/0919_F_violence_323_masking.mp4",3
"./data_clip_violence/완료_0909_F_폭행_CAM3_4_masking.mp4",3
"./data_clip_violence/완료_0909_F_폭행_CAM2_7_masking.mp4",3
"./data_clip_violence/완료_0909_F_폭행_CAM2_1_masking.mp4",3
"./data_clip_violence/0919_F_violence_302_masking.mp4",3
"./data_clip_violence/완료_0909_F_폭행_CAM2_15_masking.mp4",3
"./data_clip_violence/1104_F_violence_239_masking.mp4",3
"./data_clip_violence/0917_F_violence_01_142_masking.mp4",3
"./data_clip_violence/0919_F_violence_292_masking.mp4",3
"./data_clip_violence/0919_F_violence_251_masking.mp4",3
"./data_clip_violence/완료_0909_F_폭행_CAM3_8_masking.mp4",3
"./data_clip_violence/완료_0909_F_폭행_CAM1_1_masking.mp4",3
"./data_clip_violence/완료_0909_F_폭행_CAM6_2_masking.mp4",3
"./data_clip_violence/0919_F_violence_295_masking.mp4",3
"./data_clip_violence/1104_F_violence_234_masking.mp4",3
"./data_clip_violence/완료_0909_F_폭행_CAM2_13_masking.mp4",3
"./data_clip_violence/0917_F_violence_01_114_masking.mp4",3
"./data_clip_violence/완료_0909_F_폭행_CAM6_3_masking.mp4",3
"./data_clip_violence/0919_F_violence_305_masking.mp4",3
"./data_clip_violence/0917_F_violence_01_160_masking.mp4",3
"./data_clip_violence/완료_0910_F_폭행_CAM2_20_masking.mp4",3
"./data_clip_violence/완료_0909_F_폭행_CAM6_8_masking.mp4",3
"./data_clip_violence/0917_F_violence_01_115_masking.mp4",3
