path,label
./data_clip_faints/완료_0909_H_실신_CAM6_7_masking.mp4,1
./data_clip_faints/0917_H_faint_01_227_masking.mp4,1
./data_clip_faints/0917_H_faint_01_267_masking.mp4,1
./data_clip_faints/완료_0909_H_실신_CAM1_4_masking.mp4,1
./data_clip_faints/완료_0909_H_실신_CAM1_11_masking.mp4,1
./data_clip_faints/완료_0909_H_실신_CAM3_14_masking.mp4,1
./data_clip_faints/완료_0910_H_실신_CAM6_25_masking.mp4,1
./data_clip_faints/완료_0909_H_실신_CAM2_11_masking.mp4,1
./data_clip_faints/0917_H_faint_01_203_masking.mp4,1
./data_clip_faints/0917_H_faint_01_270_masking.mp4,1
./data_clip_faints/0917_H_faint_01_242_masking.mp4,1
./data_clip_faints/0917_H_faint_01_247_masking.mp4,1
./data_clip_faints/0917_H_faint_01_240_masking.mp4,1
./data_clip_faints/완료_0909_H_실신_CAM3_7_masking.mp4,1
./data_clip_faints/0919_H_faint_318_masking.mp4,1
./data_clip_faints/완료_0910_H_실신_CAM3_37_masking.mp4,1
./data_clip_faints/완료_0910_H_실신_CAM2_38_masking.mp4,1
./data_clip_faints/완료_0909_H_실신_CAM1_8_masking.mp4,1
./data_clip_faints/완료_0909_H_실신_CAM2_1_masking.mp4,1
./data_clip_faints/1104_H_faint_315_masking.mp4,1
./data_clip_faints/0917_H_faint_01_275_masking.mp4,1
./data_clip_faints/완료_0909_H_실신_CAM6_6_masking.mp4,1
./data_clip_faints/0917_H_faint_01_233_masking.mp4,1
./data_clip_faints/완료_0910_H_실신_CAM2_31_masking.mp4,1
./data_clip_faints/0917_H_faint_01_236_masking.mp4,1
./data_clip_faints/완료_0909_H_실신_CAM6_13_masking.mp4,1
./data_clip_faints/완료_0910_H_실신_CAM1_25_masking.mp4,1
./data_clip_faints/0919_H_faint_333_masking.mp4,1
./data_clip_faints/0919_H_faint_320_masking.mp4,1
./data_clip_faints/완료_0910_H_실신_CAM3_33_masking.mp4,1
./data_clip_faints/완료_0909_H_실신_CAM6_14_masking.mp4,1
./data_clip_faints/0919_H_faint_348_masking.mp4,1
./data_clip_faints/0917_H_faint_01_221_masking.mp4,1
./data_clip_faints/완료_0910_H_실신_CAM2_29_masking.mp4,1
./data_clip_faints/0917_H_faint_01_281_masking.mp4,1
./data_clip_faints/0917_H_faint_01_226_masking.mp4,1
./data_clip_faints/0917_H_faint_01_276_masking.mp4,1
./data_clip_faints/1104_H_faint_295_masking.mp4,1
./data_clip_faints/완료_0909_H_실신_CAM6_5_masking.mp4,1
./data_clip_faints/0919_H_faint_323_masking.mp4,1
./data_clip_faints/완료_0909_H_실신_CAM3_10_masking.mp4,1
./data_clip_faints/완료_0910_H_실신_CAM1_29_masking.mp4,1
./data_clip_faints/완료_0909_H_실신_CAM6_21_masking.mp4,1
./data_clip_faints/완료_0910_H_실신_CAM3_34_masking.mp4,1
./data_clip_faints/0919_H_faint_327_masking.mp4,1
./data_clip_faints/0917_H_faint_01_194_masking.mp4,1
./data_clip_faints/0919_H_faint_321_masking.mp4,1
./data_clip_faints/완료_0909_H_실신_CAM6_9_masking.mp4,1
./data_clip_faints/완료_0910_H_실신_CAM2_33_masking.mp4,1
./data_clip_faints/완료_0910_H_실신_CAM2_23_masking.mp4,1
./data_clip_faints/완료_0909_H_실신_CAM1_21_masking.mp4,1
./data_clip_faints/0917_H_faint_01_188_masking.mp4,1
./data_clip_faints/완료_0909_H_실신_CAM3_19_masking.mp4,1
./data_clip_faints/1104_H_faint_285_masking.mp4,1
./data_clip_faints/1104_H_faint_291_masking.mp4,1
./data_clip_faints/1104_H_faint_312_masking.mp4,1
./data_clip_faints/0919_H_faint_316_masking.mp4,1
./data_clip_faints/0917_H_faint_01_251_masking.mp4,1
./data_clip_faints/0917_H_faint_01_245_masking.mp4,1
./data_clip_faints/완료_0909_H_실신_CAM1_9_masking.mp4,1
./data_clip_faints/완료_0910_H_실신_CAM1_44_masking.mp4,1
./data_clip_faints/0917_H_faint_01_210_masking.mp4,1
./data_clip_faints/완료_0910_H_실신_CAM6_35_masking.mp4,1
./data_clip_faints/0917_H_faint_01_253_masking.mp4,1
./data_clip_faints/완료_0910_H_실신_CAM2_35_masking.mp4,1
./data_clip_faints/0917_H_faint_01_268_masking.mp4,1
./data_clip_faints/1104_H_faint_294_masking.mp4,1
./data_clip_faints/완료_0910_H_실신_CAM6_39_masking.mp4,1
./data_clip_faints/완료_0910_H_실신_CAM1_35_masking.mp4,1
./data_clip_faints/완료_0909_H_실신_CAM3_15_masking.mp4,1
./data_clip_faints/완료_0910_H_실신_CAM2_26_masking.mp4,1
./data_clip_faints/0917_H_faint_01_260_masking.mp4,1
./data_clip_faints/1104_H_faint_284_masking.mp4,1
./data_clip_faints/0919_H_faint_338_masking.mp4,1
./data_clip_faints/0917_H_faint_01_186_masking.mp4,1
./data_clip_faints/0917_H_faint_01_219_masking.mp4,1
./data_clip_faints/1104_H_faint_310_masking.mp4,1
./data_clip_faints/완료_0909_H_실신_CAM6_18_masking.mp4,1
./data_clip_faints/완료_0909_H_실신_CAM2_15_masking.mp4,1
./data_clip_faints/완료_0909_H_실신_CAM1_1_masking.mp4,1
./data_clip_faints/0919_H_faint_329_masking.mp4,1
./data_clip_faints/완료_0909_H_실신_CAM1_3_masking.mp4,1
./data_clip_faints/0917_H_faint_01_272_masking.mp4,1
./data_clip_faints/0919_H_faint_337_masking.mp4,1
./data_clip_faints/0917_H_faint_01_201_masking.mp4,1
./data_clip_faints/완료_0909_H_실신_CAM2_9_masking.mp4,1
./data_clip_faints/0919_H_faint_330_masking.mp4,1
./data_clip_faints/0917_H_faint_01_216_masking.mp4,1
./data_clip_faints/완료_0910_H_실신_CAM1_26_masking.mp4,1
./data_clip_faints/완료_0910_H_실신_CAM2_36_masking.mp4,1
./data_clip_faints/완료_0910_H_실신_CAM2_42_masking.mp4,1
./data_clip_faints/0919_H_faint_317_masking.mp4,1
./data_clip_faints/완료_0910_H_실신_CAM2_43_masking.mp4,1
./data_clip_faints/완료_0910_H_실신_CAM3_30_masking.mp4,1
./data_clip_faints/완료_0910_H_실신_CAM3_43_masking.mp4,1
./data_clip_faints/완료_0910_H_실신_CAM6_42_masking.mp4,1
./data_clip_faints/0919_H_faint_336_masking.mp4,1
./data_clip_faints/완료_0909_H_실신_CAM2_19_masking.mp4,1
./data_clip_faints/0919_H_faint_344_masking.mp4,1
./data_clip_faints/완료_0909_H_실신_CAM1_13_masking.mp4,1
./data_clip_faints/0917_H_faint_01_235_masking.mp4,1
./data_clip_faints/0919_H_faint_347_masking.mp4,1
./data_clip_faints/1104_H_faint_296_masking.mp4,1
./data_clip_faints/완료_0910_H_실신_CAM6_38_masking.mp4,1
./data_clip_faints/0917_H_faint_01_223_masking.mp4,1
./data_clip_faints/완료_0909_H_실신_CAM6_11_masking.mp4,1
./data_clip_faints/완료_0910_H_실신_CAM1_22_masking.mp4,1
./data_clip_faints/1104_H_faint_305_masking.mp4,1
./data_clip_faints/0917_H_faint_01_189_masking.mp4,1
./data_clip_faints/0917_H_faint_01_243_masking.mp4,1
./data_clip_faints/완료_0910_H_실신_CAM1_27_masking.mp4,1
./data_clip_faints/0917_H_faint_01_185_masking.mp4,1
./data_clip_faints/완료_0910_H_실신_CAM3_41_masking.mp4,1
./data_clip_faints/완료_0909_H_실신_CAM2_12_masking.mp4,1
./data_clip_faints/완료_0909_H_실신_CAM2_2_masking.mp4,1
./data_clip_faints/완료_0910_H_실신_CAM1_38_masking.mp4,1
./data_clip_faints/0917_H_faint_01_280_masking.mp4,1
./data_clip_faints/완료_0910_H_실신_CAM3_40_masking.mp4,1
./data_clip_faints/0919_H_faint_342_masking.mp4,1
./data_clip_faints/완료_0910_H_실신_CAM3_44_masking.mp4,1
./data_clip_faints/0917_H_faint_01_192_masking.mp4,1
./data_clip_faints/완료_0910_H_실신_CAM3_23_masking.mp4,1
./data_clip_faints/0917_H_faint_01_263_masking.mp4,1
./data_clip_faints/1104_H_faint_302_masking.mp4,1
./data_clip_faints/1104_H_faint_298_masking.mp4,1
./data_clip_faints/0919_H_faint_324_masking.mp4,1
./data_clip_faints/완료_0910_H_실신_CAM3_32_masking.mp4,1
./data_clip_faints/완료_0909_H_실신_CAM1_20_masking.mp4,1
./data_clip_faints/1104_H_faint_292_masking.mp4,1
./data_clip_faints/0917_H_faint_01_282_masking.mp4,1
./data_clip_faints/1104_H_faint_297_masking.mp4,1
./data_clip_faints/0919_H_faint_340_masking.mp4,1
./data_clip_faints/완료_0910_H_실신_CAM2_40_masking.mp4,1
./data_clip_faints/완료_0910_H_실신_CAM3_36_masking.mp4,1
./data_clip_faints/1104_H_faint_288_masking.mp4,1
./data_clip_faints/완료_0910_H_실신_CAM2_46_masking.mp4,1
./data_clip_faints/완료_0909_H_실신_CAM6_12_masking.mp4,1
./data_clip_faints/완료_0909_H_실신_CAM2_20_masking.mp4,1
./data_clip_faints/완료_0910_H_실신_CAM3_22_masking.mp4,1
./data_clip_faints/완료_0909_H_실신_CAM3_3_masking.mp4,1
./data_clip_faints/완료_0909_H_실신_CAM6_8_masking.mp4,1
./data_clip_faints/0917_H_faint_01_215_masking.mp4,1
./data_clip_faints/완료_0910_H_실신_CAM1_23_masking.mp4,1
./data_clip_faints/0919_H_faint_328_masking.mp4,1
./data_clip_faints/1104_H_faint_308_masking.mp4,1
./data_clip_faints/완료_0909_H_실신_CAM6_15_masking.mp4,1
./data_clip_faints/완료_0910_H_실신_CAM1_31_masking.mp4,1
./data_clip_faints/완료_0909_H_실신_CAM3_12_masking.mp4,1
./data_clip_faints/완료_0910_H_실신_CAM1_28_masking.mp4,1
./data_clip_faints/완료_0910_H_실신_CAM3_35_masking.mp4,1
./data_clip_faints/0917_H_faint_01_269_masking.mp4,1
./data_clip_faints/1104_H_faint_313_masking.mp4,1
./data_clip_faints/0917_H_faint_01_259_masking.mp4,1
./data_clip_faints/완료_0909_H_실신_CAM3_1_masking.mp4,1
./data_clip_faints/완료_0910_H_실신_CAM6_30_masking.mp4,1
./data_clip_faints/0917_H_faint_01_191_masking.mp4,1
./data_clip_faints/0917_H_faint_01_279_masking.mp4,1
./data_clip_faints/0917_H_faint_01_262_masking.mp4,1
./data_clip_faints/완료_0910_H_실신_CAM1_33_masking.mp4,1
./data_clip_faints/0919_H_faint_331_masking.mp4,1
./data_clip_faints/완료_0909_H_실신_CAM2_17_masking.mp4,1
./data_clip_faints/완료_0910_H_실신_CAM1_36_masking.mp4,1
./data_clip_faints/완료_0909_H_실신_CAM2_10_masking.mp4,1
./data_clip_faints/0917_H_faint_01_206_masking.mp4,1
./data_clip_faints/완료_0910_H_실신_CAM6_27_masking.mp4,1
./data_clip_faints/완료_0910_H_실신_CAM3_25_masking.mp4,1
./data_clip_faints/완료_0909_H_실신_CAM2_14_masking.mp4,1
./data_clip_faints/0919_H_faint_345_masking.mp4,1
./data_clip_faints/완료_0909_H_실신_CAM2_21_masking.mp4,1
./data_clip_faints/완료_0909_H_실신_CAM6_17_masking.mp4,1
./data_clip_faints/완료_0909_H_실신_CAM3_2_masking.mp4,1
./data_clip_faints/0917_H_faint_01_199_masking.mp4,1
./data_clip_faints/0917_H_faint_01_256_masking.mp4,1
./data_clip_faints/1104_H_faint_286_masking.mp4,1
./data_clip_faints/0917_H_faint_01_237_masking.mp4,1
./data_clip_faints/완료_0910_H_실신_CAM6_28_masking.mp4,1
./data_clip_faints/완료_0909_H_실신_CAM3_5_masking.mp4,1
./data_clip_faints/0917_H_faint_01_225_masking.mp4,1
./data_clip_faints/완료_0909_H_실신_CAM1_15_masking.mp4,1
./data_clip_faints/완료_0909_H_실신_CAM6_10_masking.mp4,1
./data_clip_faints/0917_H_faint_01_252_masking.mp4,1
./data_clip_faints/1104_H_faint_309_masking.mp4,1
./data_clip_faints/완료_0909_H_실신_CAM2_5_masking.mp4,1
./data_clip_faints/0917_H_faint_01_212_masking.mp4,1
./data_clip_faints/완료_0910_H_실신_CAM6_33_masking.mp4,1
./data_clip_faints/1104_H_faint_299_masking.mp4,1
./data_clip_faints/완료_0910_H_실신_CAM1_39_masking.mp4,1
./data_clip_faints/완료_0910_H_실신_CAM2_22_masking.mp4,1
./data_clip_faints/완료_0909_H_실신_CAM1_2_masking.mp4,1
./data_clip_faints/완료_0910_H_실신_CAM2_24_masking.mp4,1
./data_clip_faints/완료_0909_H_실신_CAM6_3_masking.mp4,1
./data_clip_faints/0917_H_faint_01_214_masking.mp4,1
./data_clip_faints/1104_H_faint_314_masking.mp4,1
./data_clip_faints/0917_H_faint_01_264_masking.mp4,1
./data_clip_faints/0917_H_faint_01_249_masking.mp4,1
./data_clip_faints/0917_H_faint_01_238_masking.mp4,1
./data_clip_faints/0917_H_faint_01_273_masking.mp4,1
./data_clip_faints/1104_H_faint_300_masking.mp4,1
./data_clip_faints/완료_0910_H_실신_CAM6_31_masking.mp4,1
./data_clip_faints/완료_0909_H_실신_CAM6_16_masking.mp4,1
/home/ssslab/Desktop/Dataset/cctv_data/cubox_cctv_data/normal_result/완료_0910_A_정상_01_1인걷기_CAM2_12_masking.mp4,0
/home/ssslab/Desktop/Dataset/cctv_data/cubox_cctv_data/normal_result/완료_0910_A_정상_10_3명걷기1명배회_CAM6_12_masking.mp4,0
/home/ssslab/Desktop/Dataset/cctv_data/cubox_cctv_data/normal_result/완료_0910_A_정상_05_3인걷기_CAM6_10_masking.mp4,0
/home/ssslab/Desktop/Dataset/cctv_data/cubox_cctv_data/normal_result/완료_0910_A_정상_08_1명걷기3명배회_CAM1_16_masking.mp4,0
/home/ssslab/Desktop/Dataset/cctv_data/cubox_cctv_data/normal_result/0919_A_normal_09_2인걷기2인배회_175_masking.mp4,0
/home/ssslab/Desktop/Dataset/cctv_data/cubox_cctv_data/normal_result/0917_A_normal_10_116_masking.mp4,0
/home/ssslab/Desktop/Dataset/cctv_data/cubox_cctv_data/normal_result/0917_A_normal_09_148_masking.mp4,0
/home/ssslab/Desktop/Dataset/cctv_data/cubox_cctv_data/normal_result/완료_0910_A_정상_04_1인걷기1인배회_CAM3_14_masking.mp4,0
/home/ssslab/Desktop/Dataset/cctv_data/cubox_cctv_data/normal_result/0917_A_normal_09_144_masking.mp4,0
/home/ssslab/Desktop/Dataset/cctv_data/cubox_cctv_data/normal_result/완료_0909_A_정상_05_CAM2_2_masking.mp4,0
/home/ssslab/Desktop/Dataset/cctv_data/cubox_cctv_data/normal_result/완료_0909_A_정상_09_CAM2_1_masking.mp4,0
/home/ssslab/Desktop/Dataset/cctv_data/cubox_cctv_data/normal_result/완료_0928_A_정상_01_1인걷기_022_masking.mp4,0
/home/ssslab/Desktop/Dataset/cctv_data/cubox_cctv_data/normal_result/완료_0910_A_정상_03_2인걷기_CAM1_11_masking.mp4,0
/home/ssslab/Desktop/Dataset/cctv_data/cubox_cctv_data/normal_result/1104_A_normal_05_3인걷기_018_masking.mp4,0
/home/ssslab/Desktop/Dataset/cctv_data/cubox_cctv_data/normal_result/1104_A_normal_09_2인걷기2인배회_045_masking.mp4,0
/home/ssslab/Desktop/Dataset/cctv_data/cubox_cctv_data/normal_result/0919_A_normal_09_2인걷기2인배회_183_masking.mp4,0
/home/ssslab/Desktop/Dataset/cctv_data/cubox_cctv_data/normal_result/1024_A_normal_10_353_masking.mp4,0
/home/ssslab/Desktop/Dataset/cctv_data/cubox_cctv_data/normal_result/1104_A_normal_03_2인걷기_039_masking.mp4,0
/home/ssslab/Desktop/Dataset/cctv_data/cubox_cctv_data/normal_result/완료_0909_A_정상_07_CAM3_4_masking.mp4,0
/home/ssslab/Desktop/Dataset/cctv_data/cubox_cctv_data/normal_result/1104_A_normal_10_3인걷기1인배회_079_masking.mp4,0
/home/ssslab/Desktop/Dataset/cctv_data/cubox_cctv_data/normal_result/0929_A_normal_08_114_masking.mp4,0
/home/ssslab/Desktop/Dataset/cctv_data/cubox_cctv_data/normal_result/0917_A_normal_08_104_masking.mp4,0
/home/ssslab/Desktop/Dataset/cctv_data/cubox_cctv_data/normal_result/0929_A_normal_08_111_masking.mp4,0
/home/ssslab/Desktop/Dataset/cctv_data/cubox_cctv_data/normal_result/완료_0909_A_정상_06_CAM3_3_masking.mp4,0
/home/ssslab/Desktop/Dataset/cctv_data/cubox_cctv_data/normal_result/완료_0909_A_정상_02_CAM6_5_masking.mp4,0
/home/ssslab/Desktop/Dataset/cctv_data/cubox_cctv_data/normal_result/완료_0909_A_정상_05_CAM1_1_masking.mp4,0
/home/ssslab/Desktop/Dataset/cctv_data/cubox_cctv_data/normal_result/0929_A_normal_09_127__masking.mp4,0
/home/ssslab/Desktop/Dataset/cctv_data/cubox_cctv_data/normal_result/0919_A_normal_10_3인걷기1인배회_196_masking.mp4,0
/home/ssslab/Desktop/Dataset/cctv_data/cubox_cctv_data/normal_result/완료_0910_A_정상_04_1인걷기1인배회_CAM6_13_masking.mp4,0
/home/ssslab/Desktop/Dataset/cctv_data/cubox_cctv_data/normal_result/0919_A_normal_10_3인걷기1인배회_240_masking.mp4,0
/home/ssslab/Desktop/Dataset/cctv_data/cubox_cctv_data/normal_result/0929_A_normal_09_161_masking.mp4,0
/home/ssslab/Desktop/Dataset/cctv_data/cubox_cctv_data/normal_result/1104_A_normal_06_1인걷기2인배회_043_masking.mp4,0
/home/ssslab/Desktop/Dataset/cctv_data/cubox_cctv_data/normal_result/1104_A_normal_08_1인걷기3인배회_019_masking.mp4,0
/home/ssslab/Desktop/Dataset/cctv_data/cubox_cctv_data/normal_result/0929_A_normal_08_073_masking.mp4,0
/home/ssslab/Desktop/Dataset/cctv_data/cubox_cctv_data/normal_result/1024_A_normal_09_393_masking.mp4,0
/home/ssslab/Desktop/Dataset/cctv_data/cubox_cctv_data/normal_result/1104_A_normal_02_1인배회_028_masking.mp4,0
/home/ssslab/Desktop/Dataset/cctv_data/cubox_cctv_data/normal_result/완료_0909_A_정상_03_CAM2_3_masking.mp4,0
/home/ssslab/Desktop/Dataset/cctv_data/cubox_cctv_data/normal_result/0917_A_normal_06_122_masking.mp4,0
/home/ssslab/Desktop/Dataset/cctv_data/cubox_cctv_data/normal_result/1104_A_normal_03_2인걷기_045_masking.mp4,0
/home/ssslab/Desktop/Dataset/cctv_data/cubox_cctv_data/normal_result/0919_A_normal_04_1인걷기1인배회_123_masking.mp4,0
/home/ssslab/Desktop/Dataset/cctv_data/cubox_cctv_data/normal_result/완료_0910_A_정상_09_2명걷기2명배회_CAM2_21_masking.mp4,0
/home/ssslab/Desktop/Dataset/cctv_data/cubox_cctv_data/normal_result/0919_A_normal_10_3인걷기1인배회_180_masking.mp4,0
/home/ssslab/Desktop/Dataset/cctv_data/cubox_cctv_data/normal_result/0917_A_normal_04_58_masking.mp4,0
/home/ssslab/Desktop/Dataset/cctv_data/cubox_cctv_data/normal_result/1104_A_normal_10_3인걷기1인배회_069_masking.mp4,0
/home/ssslab/Desktop/Dataset/cctv_data/cubox_cctv_data/normal_result/1104_A_normal_09_2인걷기2인배회_056_masking.mp4,0
/home/ssslab/Desktop/Dataset/cctv_data/cubox_cctv_data/normal_result/0929_A_normal_09_123__masking.mp4,0
/home/ssslab/Desktop/Dataset/cctv_data/cubox_cctv_data/normal_result/0917_A_normal_06_111_masking.mp4,0
/home/ssslab/Desktop/Dataset/cctv_data/cubox_cctv_data/normal_result/0929_A_normal_09_091_masking.mp4,0
/home/ssslab/Desktop/Dataset/cctv_data/cubox_cctv_data/normal_result/0929_A_normal_09_093_masking.mp4,0
/home/ssslab/Desktop/Dataset/cctv_data/cubox_cctv_data/normal_result/완료_0909_A_정상_01_CAM2_4_masking.mp4,0
/home/ssslab/Desktop/Dataset/cctv_data/cubox_cctv_data/normal_result/완료_0910_A_정상_08_1명걷기3명배회_CAM6_16_masking.mp4,0
/home/ssslab/Desktop/Dataset/cctv_data/cubox_cctv_data/normal_result/완료_0910_A_정상_03_2인걷기_CAM1_6_masking.mp4,0
/home/ssslab/Desktop/Dataset/cctv_data/cubox_cctv_data/normal_result/0917_A_normal_01_78_masking.mp4,0
/home/ssslab/Desktop/Dataset/cctv_data/cubox_cctv_data/normal_result/1104_A_normal_02_1인배회_045_masking.mp4,0
/home/ssslab/Desktop/Dataset/cctv_data/cubox_cctv_data/normal_result/1104_A_normal_08_1인걷기3인배회_020_masking.mp4,0
/home/ssslab/Desktop/Dataset/cctv_data/cubox_cctv_data/normal_result/1104_A_normal_08_1인걷기3인배회_009_masking.mp4,0
/home/ssslab/Desktop/Dataset/cctv_data/cubox_cctv_data/normal_result/완료_0910_A_정상_03_2인걷기_CAM6_11_masking.mp4,0
/home/ssslab/Desktop/Dataset/cctv_data/cubox_cctv_data/normal_result/0917_A_normal_08_100_masking.mp4,0
/home/ssslab/Desktop/Dataset/cctv_data/cubox_cctv_data/normal_result/0917_A_normal_09_125_masking.mp4,0
/home/ssslab/Desktop/Dataset/cctv_data/cubox_cctv_data/normal_result/1104_A_normal_06_1인걷기2인배회_039_masking.mp4,0
/home/ssslab/Desktop/Dataset/cctv_data/cubox_cctv_data/normal_result/0929_A_normal_09_128__masking.mp4,0
/home/ssslab/Desktop/Dataset/cctv_data/cubox_cctv_data/normal_result/0929_A_normal_09_144_masking.mp4,0
/home/ssslab/Desktop/Dataset/cctv_data/cubox_cctv_data/normal_result/0929_A_normal_08_095__masking.mp4,0
/home/ssslab/Desktop/Dataset/cctv_data/cubox_cctv_data/normal_result/완료_0910_A_정상_03_2인걷기_CAM3_7_masking.mp4,0
/home/ssslab/Desktop/Dataset/cctv_data/cubox_cctv_data/normal_result/0919_A_normal_07_2인걷기1인배회_143_masking.mp4,0
/home/ssslab/Desktop/Dataset/cctv_data/cubox_cctv_data/normal_result/1104_A_normal_07_2인걷기1인배회_002_masking.mp4,0
/home/ssslab/Desktop/Dataset/cctv_data/cubox_cctv_data/normal_result/완료_0909_A_정상_02_CAM1_5_masking.mp4,0
/home/ssslab/Desktop/Dataset/cctv_data/cubox_cctv_data/normal_result/0919_A_normal_10_3인걷기1인배회_185_masking.mp4,0
/home/ssslab/Desktop/Dataset/cctv_data/cubox_cctv_data/normal_result/0917_A_normal_02_66_masking.mp4,0
/home/ssslab/Desktop/Dataset/cctv_data/cubox_cctv_data/normal_result/1104_A_normal_04_1인걷기1인배회_008_masking.mp4,0
/home/ssslab/Desktop/Dataset/cctv_data/cubox_cctv_data/normal_result/0917_A_normal_04_87_masking.mp4,0
/home/ssslab/Desktop/Dataset/cctv_data/cubox_cctv_data/normal_result/1104_A_normal_07_2인걷기1인배회_004_masking.mp4,0
/home/ssslab/Desktop/Dataset/cctv_data/cubox_cctv_data/normal_result/0917_A_normal_10_126_masking.mp4,0
/home/ssslab/Desktop/Dataset/cctv_data/cubox_cctv_data/normal_result/1104_A_normal_02_1인배회_017_masking.mp4,0
/home/ssslab/Desktop/Dataset/cctv_data/cubox_cctv_data/normal_result/1104_A_normal_08_1인걷기3인배회_017_masking.mp4,0
/home/ssslab/Desktop/Dataset/cctv_data/cubox_cctv_data/normal_result/1104_A_normal_09_2인걷기2인배회_053_masking.mp4,0
/home/ssslab/Desktop/Dataset/cctv_data/cubox_cctv_data/normal_result/0929_A_normal_09_099_masking.mp4,0
/home/ssslab/Desktop/Dataset/cctv_data/cubox_cctv_data/normal_result/완료_0910_A_정상_08_1명걷기3명배회_CAM1_8_masking.mp4,0
/home/ssslab/Desktop/Dataset/cctv_data/cubox_cctv_data/normal_result/0917_A_normal_05_76_masking.mp4,0
/home/ssslab/Desktop/Dataset/cctv_data/cubox_cctv_data/normal_result/완료_0909_A_정상_08_CAM2_5_masking.mp4,0
/home/ssslab/Desktop/Dataset/cctv_data/cubox_cctv_data/normal_result/완료_0910_A_정상_05_3인걷기_CAM6_13_masking.mp4,0
/home/ssslab/Desktop/Dataset/cctv_data/cubox_cctv_data/normal_result/완료_0910_A_정상_03_2인걷기_CAM3_9_masking.mp4,0
/home/ssslab/Desktop/Dataset/cctv_data/cubox_cctv_data/normal_result/0919_A_normal_09_2인걷기2인배회_191_masking.mp4,0
/home/ssslab/Desktop/Dataset/cctv_data/cubox_cctv_data/normal_result/1104_A_normal_04_1인걷기1인배회_065_masking.mp4,0
/home/ssslab/Desktop/Dataset/cctv_data/cubox_cctv_data/normal_result/완료_0909_A_정상_04_CAM3_5_masking.mp4,0
/home/ssslab/Desktop/Dataset/cctv_data/cubox_cctv_data/normal_result/완료_0909_A_정상_10_CAM2_6_masking.mp4,0
/home/ssslab/Desktop/Dataset/cctv_data/cubox_cctv_data/normal_result/1104_A_normal_06_1인걷기2인배회_008_masking.mp4,0
/home/ssslab/Desktop/Dataset/cctv_data/cubox_cctv_data/normal_result/1104_A_normal_03_2인걷기_016_masking.mp4,0
/home/ssslab/Desktop/Dataset/cctv_data/cubox_cctv_data/normal_result/1104_A_normal_04_1인걷기1인배회_058_masking.mp4,0
/home/ssslab/Desktop/Dataset/cctv_data/cubox_cctv_data/normal_result/1024_A_normal_10_394_masking.mp4,0
/home/ssslab/Desktop/Dataset/cctv_data/cubox_cctv_data/normal_result/0919_A_normal_09_2인걷기2인배회_182_masking.mp4,0
/home/ssslab/Desktop/Dataset/cctv_data/cubox_cctv_data/normal_result/0917_A_normal_09_107_masking.mp4,0
/home/ssslab/Desktop/Dataset/cctv_data/cubox_cctv_data/normal_result/1104_A_normal_09_2인걷기2인배회_066_masking.mp4,0
/home/ssslab/Desktop/Dataset/cctv_data/cubox_cctv_data/normal_result/0917_A_normal_10_156_masking.mp4,0
/home/ssslab/Desktop/Dataset/cctv_data/cubox_cctv_data/normal_result/1104_A_normal_04_1인걷기1인배회_006_masking.mp4,0
/home/ssslab/Desktop/Dataset/cctv_data/cubox_cctv_data/normal_result/0917_A_normal_05_66_masking.mp4,0
/home/ssslab/Desktop/Dataset/cctv_data/cubox_cctv_data/normal_result/0919_A_normal_09_2인걷기2인배회_166_masking.mp4,0
/home/ssslab/Desktop/Dataset/cctv_data/cubox_cctv_data/normal_result/0919_A_normal_07_2인걷기1인배회_116_masking.mp4,0
/home/ssslab/Desktop/Dataset/cctv_data/cubox_cctv_data/normal_result/1104_A_normal_06_1인걷기2인배회_062_masking.mp4,0
/home/ssslab/Desktop/Dataset/cctv_data/cubox_cctv_data/normal_result/완료_0910_A_정상_04_1인걷기1인배회_CAM1_9_masking.mp4,0
/home/ssslab/Desktop/Dataset/cctv_data/cubox_cctv_data/normal_result/0917_A_normal_10_115_masking.mp4,0
/home/ssslab/Desktop/Dataset/cctv_data/cubox_cctv_data/normal_result/0917_A_normal_07_78_masking.mp4,0
/home/ssslab/Desktop/Dataset/cctv_data/cubox_cctv_data/normal_result/1104_A_normal_08_1인걷기3인배회_040_masking.mp4,0
/home/ssslab/Desktop/Dataset/cctv_data/cubox_cctv_data/normal_result/1104_A_normal_08_1인걷기3인배회_029_masking.mp4,0
/home/ssslab/Desktop/Dataset/cctv_data/cubox_cctv_data/normal_result/1104_A_normal_09_2인걷기2인배회_017_masking.mp4,0
/home/ssslab/Desktop/Dataset/cctv_data/cubox_cctv_data/normal_result/완료_0910_A_정상_10_3명걷기1명배회_CAM3_15_masking.mp4,0
/home/ssslab/Desktop/Dataset/cctv_data/cubox_cctv_data/normal_result/1104_A_normal_10_3인걷기1인배회_033_masking.mp4,0
/home/ssslab/Desktop/Dataset/cctv_data/cubox_cctv_data/normal_result/완료_0910_A_정상_07_2명걷기1명배회_CAM1_6_masking.mp4,0
/home/ssslab/Desktop/Dataset/cctv_data/cubox_cctv_data/normal_result/1104_A_normal_10_3인걷기1인배회_047_masking.mp4,0
/home/ssslab/Desktop/Dataset/cctv_data/cubox_cctv_data/normal_result/완료_0928_A_정상_01_1인걷기_039_masking.mp4,0
/home/ssslab/Desktop/Dataset/cctv_data/cubox_cctv_data/normal_result/완료_0928_A_정상_01_1인걷기_012_masking.mp4,0
/home/ssslab/Desktop/Dataset/cctv_data/cubox_cctv_data/normal_result/완료_0910_A_정상_07_2명걷기1명배회_CAM1_15_masking.mp4,0
/home/ssslab/Desktop/Dataset/cctv_data/cubox_cctv_data/normal_result/0917_A_normal_09_137_masking.mp4,0
/home/ssslab/Desktop/Dataset/cctv_data/cubox_cctv_data/normal_result/0929_A_normal_09_083_masking.mp4,0
/home/ssslab/Desktop/Dataset/cctv_data/cubox_cctv_data/normal_result/완료_0910_A_정상_09_2명걷기2명배회_CAM3_8_masking.mp4,0
/home/ssslab/Desktop/Dataset/cctv_data/cubox_cctv_data/normal_result/0917_A_normal_09_161_masking.mp4,0
/home/ssslab/Desktop/Dataset/cctv_data/cubox_cctv_data/normal_result/0917_A_normal_09_152_masking.mp4,0
/home/ssslab/Desktop/Dataset/cctv_data/cubox_cctv_data/normal_result/0919_A_normal_04_1인걷기1인배회_126_masking.mp4,0
/home/ssslab/Desktop/Dataset/cctv_data/cubox_cctv_data/normal_result/0919_A_normal_10_3인걷기1인배회_176_masking.mp4,0
/home/ssslab/Desktop/Dataset/cctv_data/cubox_cctv_data/normal_result/완료_0910_A_정상_06_1명걷기2명배회_CAM3_21_masking.mp4,0
/home/ssslab/Desktop/Dataset/cctv_data/cubox_cctv_data/normal_result/0917_A_normal_06_123_masking.mp4,0
/home/ssslab/Desktop/Dataset/cctv_data/cubox_cctv_data/normal_result/1104_A_normal_10_3인걷기1인배회_014_masking.mp4,0
/home/ssslab/Desktop/Dataset/cctv_data/cubox_cctv_data/normal_result/완료_0910_A_정상_09_2명걷기2명배회_CAM6_13_masking.mp4,0
/home/ssslab/Desktop/Dataset/cctv_data/cubox_cctv_data/normal_result/0929_A_normal_09_171_masking.mp4,0
/home/ssslab/Desktop/Dataset/cctv_data/cubox_cctv_data/normal_result/1024_A_normal_10_347_masking.mp4,0
/home/ssslab/Desktop/Dataset/cctv_data/cubox_cctv_data/normal_result/완료_0909_A_정상_06_CAM6_3_masking.mp4,0
/home/ssslab/Desktop/Dataset/cctv_data/cubox_cctv_data/normal_result/완료_0910_A_정상_03_2인걷기_CAM6_12_masking.mp4,0
/home/ssslab/Desktop/Dataset/cctv_data/cubox_cctv_data/normal_result/0929_A_normal_09_094_masking.mp4,0
/home/ssslab/Desktop/Dataset/cctv_data/cubox_cctv_data/normal_result/완료_0910_A_정상_07_2명걷기1명배회_CAM3_12_masking.mp4,0
/home/ssslab/Desktop/Dataset/cctv_data/cubox_cctv_data/normal_result/1104_A_normal_10_3인걷기1인배회_035_masking.mp4,0
/home/ssslab/Desktop/Dataset/cctv_data/cubox_cctv_data/normal_result/완료_0909_A_정상_01_CAM6_1_masking.mp4,0
/home/ssslab/Desktop/Dataset/cctv_data/cubox_cctv_data/normal_result/0919_A_normal_04_1인걷기1인배회_96_masking.mp4,0
/home/ssslab/Desktop/Dataset/cctv_data/cubox_cctv_data/normal_result/완료_0910_A_정상_01_1인걷기_CAM1_11_masking.mp4,0
/home/ssslab/Desktop/Dataset/cctv_data/cubox_cctv_data/normal_result/0929_A_normal_08_070_masking.mp4,0
/home/ssslab/Desktop/Dataset/cctv_data/cubox_cctv_data/normal_result/완료_0909_A_정상_07_CAM2_5_masking.mp4,0
/home/ssslab/Desktop/Dataset/cctv_data/cubox_cctv_data/normal_result/완료_0910_A_정상_07_2명걷기1명배회_CAM6_11_masking.mp4,0
/home/ssslab/Desktop/Dataset/cctv_data/cubox_cctv_data/normal_result/1024_A_normal_10_360_masking.mp4,0
/home/ssslab/Desktop/Dataset/cctv_data/cubox_cctv_data/normal_result/1104_A_normal_10_3인걷기1인배회_031_masking.mp4,0
/home/ssslab/Desktop/Dataset/cctv_data/cubox_cctv_data/normal_result/완료_0909_A_정상_07_CAM1_2_masking.mp4,0
/home/ssslab/Desktop/Dataset/cctv_data/cubox_cctv_data/normal_result/0917_A_normal_10_166_masking.mp4,0
/home/ssslab/Desktop/Dataset/cctv_data/cubox_cctv_data/normal_result/완료_0909_A_정상_03_CAM2_5_masking.mp4,0
/home/ssslab/Desktop/Dataset/cctv_data/cubox_cctv_data/normal_result/0919_A_normal_09_2인걷기2인배회_197_masking.mp4,0
/home/ssslab/Desktop/Dataset/cctv_data/cubox_cctv_data/normal_result/완료_0928_A_정상_01_1인걷기_027_masking.mp4,0
/home/ssslab/Desktop/Dataset/cctv_data/cubox_cctv_data/normal_result/0917_A_normal_09_155_masking.mp4,0
/home/ssslab/Desktop/Dataset/cctv_data/cubox_cctv_data/normal_result/완료_0909_A_정상_07_CAM2_1_masking.mp4,0
/home/ssslab/Desktop/Dataset/cctv_data/cubox_cctv_data/normal_result/완료_0910_A_정상_10_3명걷기1명배회_CAM1_15_masking.mp4,0
/home/ssslab/Desktop/Dataset/cctv_data/cubox_cctv_data/normal_result/완료_0910_A_정상_09_2명걷기2명배회_CAM3_21_masking.mp4,0
/home/ssslab/Desktop/Dataset/cctv_data/cubox_cctv_data/normal_result/0917_A_normal_09_153_masking.mp4,0
/home/ssslab/Desktop/Dataset/cctv_data/cubox_cctv_data/normal_result/1104_A_normal_05_3인걷기_047_masking.mp4,0
/home/ssslab/Desktop/Dataset/cctv_data/cubox_cctv_data/normal_result/0929_A_normal_08_057_masking.mp4,0
/home/ssslab/Desktop/Dataset/cctv_data/cubox_cctv_data/normal_result/0917_A_normal_05_92_masking.mp4,0
/home/ssslab/Desktop/Dataset/cctv_data/cubox_cctv_data/normal_result/1104_A_normal_09_2인걷기2인배회_067_masking.mp4,0
/home/ssslab/Desktop/Dataset/cctv_data/cubox_cctv_data/normal_result/완료_0910_A_정상_08_1명걷기3명배회_CAM2_19_masking.mp4,0
/home/ssslab/Desktop/Dataset/cctv_data/cubox_cctv_data/normal_result/0919_A_normal_10_3인걷기1인배회_182_masking.mp4,0
/home/ssslab/Desktop/Dataset/cctv_data/cubox_cctv_data/normal_result/1104_A_normal_08_1인걷기3인배회_047_masking.mp4,0
/home/ssslab/Desktop/Dataset/cctv_data/cubox_cctv_data/normal_result/완료_0909_A_정상_07_CAM6_5_masking.mp4,0
/home/ssslab/Desktop/Dataset/cctv_data/cubox_cctv_data/normal_result/1104_A_normal_02_1인배회_015_masking.mp4,0
/home/ssslab/Desktop/Dataset/cctv_data/cubox_cctv_data/normal_result/완료_0910_A_정상_09_2명걷기2명배회_CAM1_21_masking.mp4,0
/home/ssslab/Desktop/Dataset/cctv_data/cubox_cctv_data/normal_result/0929_A_normal_08_116_masking.mp4,0
/home/ssslab/Desktop/Dataset/cctv_data/cubox_cctv_data/normal_result/1104_A_normal_08_1인걷기3인배회_023_masking.mp4,0
/home/ssslab/Desktop/Dataset/cctv_data/cubox_cctv_data/normal_result/0929_A_normal_08_065_masking.mp4,0
/home/ssslab/Desktop/Dataset/cctv_data/cubox_cctv_data/normal_result/완료_0909_A_정상_02_CAM6_2_masking.mp4,0
/home/ssslab/Desktop/Dataset/cctv_data/cubox_cctv_data/normal_result/0917_A_normal_06_93_masking.mp4,0
/home/ssslab/Desktop/Dataset/cctv_data/cubox_cctv_data/normal_result/완료_0910_A_정상_09_2명걷기2명배회_CAM6_14_masking.mp4,0
/home/ssslab/Desktop/Dataset/cctv_data/cubox_cctv_data/normal_result/1104_A_normal_10_3인걷기1인배회_036_masking.mp4,0
/home/ssslab/Desktop/Dataset/cctv_data/cubox_cctv_data/normal_result/1104_A_normal_06_1인걷기2인배회_055_masking.mp4,0
/home/ssslab/Desktop/Dataset/cctv_data/cubox_cctv_data/normal_result/완료_0910_A_정상_05_3인걷기_CAM3_14_masking.mp4,0
/home/ssslab/Desktop/Dataset/cctv_data/cubox_cctv_data/normal_result/1104_A_normal_10_3인걷기1인배회_001_masking.mp4,0
/home/ssslab/Desktop/Dataset/cctv_data/cubox_cctv_data/normal_result/0917_A_normal_01_62_masking.mp4,0
/home/ssslab/Desktop/Dataset/cctv_data/cubox_cctv_data/normal_result/완료_0910_A_정상_10_3명걷기1명배회_CAM1_13_masking.mp4,0
/home/ssslab/Desktop/Dataset/cctv_data/cubox_cctv_data/normal_result/1104_A_normal_09_2인걷기2인배회_030_masking.mp4,0
/home/ssslab/Desktop/Dataset/cctv_data/cubox_cctv_data/normal_result/완료_0910_A_정상_09_2명걷기2명배회_CAM1_16_masking.mp4,0
/home/ssslab/Desktop/Dataset/cctv_data/cubox_cctv_data/normal_result/0919_A_normal_10_3인걷기1인배회_211_masking.mp4,0
/home/ssslab/Desktop/Dataset/cctv_data/cubox_cctv_data/normal_result/0917_A_normal_01_75_masking.mp4,0
/home/ssslab/Desktop/Dataset/cctv_data/cubox_cctv_data/normal_result/완료_0909_A_정상_02_CAM6_1_masking.mp4,0
/home/ssslab/Desktop/Dataset/cctv_data/cubox_cctv_data/normal_result/1104_A_normal_06_1인걷기2인배회_007_masking.mp4,0
/home/ssslab/Desktop/Dataset/cctv_data/cubox_cctv_data/normal_result/1104_A_normal_08_1인걷기3인배회_002_masking.mp4,0
/home/ssslab/Desktop/Dataset/cctv_data/cubox_cctv_data/normal_result/0917_A_normal_10_168_masking.mp4,0
/home/ssslab/Desktop/Dataset/cctv_data/cubox_cctv_data/normal_result/1104_A_normal_09_2인걷기2인배회_036_masking.mp4,0
/home/ssslab/Desktop/Dataset/cctv_data/cubox_cctv_data/normal_result/완료_0910_A_정상_04_1인걷기1인배회_CAM1_11_masking.mp4,0
/home/ssslab/Desktop/Dataset/cctv_data/cubox_cctv_data/normal_result/1104_A_normal_10_3인걷기1인배회_073_masking.mp4,0
/home/ssslab/Desktop/Dataset/cctv_data/cubox_cctv_data/normal_result/0919_A_normal_04_1인걷기1인배회_110_masking.mp4,0
/home/ssslab/Desktop/Dataset/cctv_data/cubox_cctv_data/normal_result/1104_A_normal_10_3인걷기1인배회_040_masking.mp4,0
/home/ssslab/Desktop/Dataset/cctv_data/cubox_cctv_data/normal_result/1024_A_normal_10_397_masking.mp4,0
/home/ssslab/Desktop/Dataset/cctv_data/cubox_cctv_data/normal_result/완료_0910_A_정상_06_1명걷기2명배회_CAM6_10_masking.mp4,0
/home/ssslab/Desktop/Dataset/cctv_data/cubox_cctv_data/normal_result/1104_A_normal_06_1인걷기2인배회_046_masking.mp4,0
/home/ssslab/Desktop/Dataset/cctv_data/cubox_cctv_data/normal_result/0919_A_normal_09_2인걷기2인배회_202_masking.mp4,0
/home/ssslab/Desktop/Dataset/cctv_data/cubox_cctv_data/normal_result/완료_0910_A_정상_06_1명걷기2명배회_CAM3_13_masking.mp4,0
/home/ssslab/Desktop/Dataset/cctv_data/cubox_cctv_data/normal_result/0917_A_normal_05_81_masking.mp4,0
/home/ssslab/Desktop/Dataset/cctv_data/cubox_cctv_data/normal_result/완료_0909_A_정상_03_CAM3_2_masking.mp4,0
/home/ssslab/Desktop/Dataset/cctv_data/cubox_cctv_data/normal_result/0919_A_normal_04_1인걷기1인배회_128_masking.mp4,0
/home/ssslab/Desktop/Dataset/cctv_data/cubox_cctv_data/normal_result/1104_A_normal_08_1인걷기3인배회_008_masking.mp4,0
/home/ssslab/Desktop/Dataset/cctv_data/cubox_cctv_data/normal_result/0919_A_normal_10_3인걷기1인배회_250_masking.mp4,0
/home/ssslab/Desktop/Dataset/cctv_data/cubox_cctv_data/normal_result/완료_0910_A_정상_09_2명걷기2명배회_CAM3_20_masking.mp4,0
/home/ssslab/Desktop/Dataset/cctv_data/cubox_cctv_data/normal_result/0917_A_normal_03_67_masking.mp4,0
/home/ssslab/Desktop/Dataset/cctv_data/cubox_cctv_data/normal_result/완료_0910_A_정상_10_3명걷기1명배회_CAM6_21_masking.mp4,0
/home/ssslab/Desktop/Dataset/cctv_data/cubox_cctv_data/normal_result/완료_0910_A_정상_09_2명걷기2명배회_CAM6_18_masking.mp4,0
/home/ssslab/Desktop/Dataset/cctv_data/cubox_cctv_data/normal_result/1104_A_normal_07_2인걷기1인배회_023_masking.mp4,0
/home/ssslab/Desktop/Dataset/cctv_data/cubox_cctv_data/normal_result/완료_0910_A_정상_08_1명걷기3명배회_CAM1_10_masking.mp4,0
/home/ssslab/Desktop/Dataset/cctv_data/cubox_cctv_data/normal_result/0917_A_normal_07_112_masking.mp4,0
/home/ssslab/Desktop/Dataset/cctv_data/cubox_cctv_data/normal_result/0917_A_normal_06_86_masking.mp4,0
/home/ssslab/Desktop/Dataset/cctv_data/cubox_cctv_data/normal_result/1104_A_normal_08_1인걷기3인배회_025_masking.mp4,0
/home/ssslab/Desktop/Dataset/cctv_data/cubox_cctv_data/normal_result/0917_A_normal_01_79_masking.mp4,0
/home/ssslab/Desktop/Dataset/cctv_data/cubox_cctv_data/normal_result/0929_A_normal_09_100_masking.mp4,0
/home/ssslab/Desktop/Dataset/cctv_data/cubox_cctv_data/normal_result/0917_A_normal_05_91_masking.mp4,0
/home/ssslab/Desktop/Dataset/cctv_data/cubox_cctv_data/normal_result/1104_A_normal_08_1인걷기3인배회_016_masking.mp4,0
/home/ssslab/Desktop/Dataset/cctv_data/cubox_cctv_data/normal_result/완료_0909_A_정상_01_CAM1_2_masking.mp4,0
/home/ssslab/Desktop/Dataset/cctv_data/cubox_cctv_data/normal_result/완료_0928_A_정상_01_1인걷기_019_masking.mp4,0
/home/ssslab/Desktop/Dataset/cctv_data/cubox_cctv_data/normal_result/완료_0910_A_정상_06_1명걷기2명배회_CAM1_20_masking.mp4,0
/home/ssslab/Desktop/Dataset/cctv_data/cubox_cctv_data/normal_result/0919_A_normal_09_2인걷기2인배회_223_masking.mp4,0
/home/ssslab/Desktop/Dataset/cctv_data/cubox_cctv_data/normal_result/완료_0910_A_정상_09_2명걷기2명배회_CAM3_12_masking.mp4,0
/home/ssslab/Desktop/Dataset/cctv_data/cubox_cctv_data/normal_result/완료_0909_A_정상_08_CAM6_5_masking.mp4,0
/home/ssslab/Desktop/Dataset/cctv_data/cubox_cctv_data/normal_result/완료_0910_A_정상_10_3명걷기1명배회_CAM3_23_masking.mp4,0
/home/ssslab/Desktop/Dataset/cctv_data/cubox_cctv_data/normal_result/완료_0909_A_정상_09_CAM1_5_masking.mp4,0
/home/ssslab/Desktop/Dataset/cctv_data/cubox_cctv_data/normal_result/1104_A_normal_05_3인걷기_036_masking.mp4,0
/home/ssslab/Desktop/Dataset/cctv_data/cubox_cctv_data/normal_result/1104_A_normal_04_1인걷기1인배회_080_masking.mp4,0
/home/ssslab/Desktop/Dataset/cctv_data/cubox_cctv_data/normal_result/완료_0928_A_정상_01_1인걷기_024_masking.mp4,0
/home/ssslab/Desktop/Dataset/cctv_data/cubox_cctv_data/normal_result/0919_A_normal_09_2인걷기2인배회_185__masking.mp4,0
/home/ssslab/Desktop/Dataset/cctv_data/cubox_cctv_data/normal_result/0919_A_normal_07_2인걷기1인배회_151_masking.mp4,0
/home/ssslab/Desktop/Dataset/cctv_data/cubox_cctv_data/normal_result/완료_0910_A_정상_04_1인걷기1인배회_CAM2_13_masking.mp4,0
/home/ssslab/Desktop/Dataset/cctv_data/cubox_cctv_data/normal_result/1104_A_normal_03_2인걷기_038_masking.mp4,0
/home/ssslab/Desktop/Dataset/cctv_data/cubox_cctv_data/normal_result/1104_A_normal_03_2인걷기_040_masking.mp4,0
/home/ssslab/Desktop/Dataset/cctv_data/cubox_cctv_data/normal_result/완료_0910_A_정상_03_2인걷기_CAM2_8_masking.mp4,0
/home/ssslab/Desktop/Dataset/cctv_data/cubox_cctv_data/normal_result/0917_A_normal_04_79_masking.mp4,0
/home/ssslab/Desktop/Dataset/cctv_data/cubox_cctv_data/normal_result/0929_A_normal_09_092_masking.mp4,0
/home/ssslab/Desktop/Dataset/cctv_data/cubox_cctv_data/normal_result/완료_0910_A_정상_06_1명걷기2명배회_CAM2_21_masking.mp4,0
/home/ssslab/Desktop/Dataset/cctv_data/cubox_cctv_data/normal_result/0917_A_normal_10_109_masking.mp4,0
/home/ssslab/Desktop/Dataset/cctv_data/cubox_cctv_data/normal_result/1104_A_normal_04_1인걷기1인배회_016_masking.mp4,0
/home/ssslab/Desktop/Dataset/cctv_data/cubox_cctv_data/normal_result/0917_A_normal_04_89_masking.mp4,0
/home/ssslab/Desktop/Dataset/cctv_data/cubox_cctv_data/normal_result/0917_A_normal_05_67_masking.mp4,0
/home/ssslab/Desktop/Dataset/cctv_data/cubox_cctv_data/normal_result/0917_A_normal_02_61_masking.mp4,0
/home/ssslab/Desktop/Dataset/cctv_data/cubox_cctv_data/normal_result/완료_0909_A_정상_06_CAM1_4_masking.mp4,0
/home/ssslab/Desktop/Dataset/cctv_data/cubox_cctv_data/normal_result/1104_A_normal_03_2인걷기_042_masking.mp4,0
/home/ssslab/Desktop/Dataset/cctv_data/cubox_cctv_data/normal_result/0929_A_normal_08_096__masking.mp4,0
/home/ssslab/Desktop/Dataset/cctv_data/cubox_cctv_data/normal_result/완료_0910_A_정상_10_3명걷기1명배회_CAM2_11_masking.mp4,0
/home/ssslab/Desktop/Dataset/cctv_data/cubox_cctv_data/normal_result/0917_A_normal_10_141_masking.mp4,0
/home/ssslab/Desktop/Dataset/cctv_data/cubox_cctv_data/normal_result/0929_A_normal_09_167_masking.mp4,0
/home/ssslab/Desktop/Dataset/cctv_data/cubox_cctv_data/normal_result/1104_A_normal_05_3인걷기_032_masking.mp4,0
/home/ssslab/Desktop/Dataset/cctv_data/cubox_cctv_data/normal_result/완료_0909_A_정상_08_CAM2_6_masking.mp4,0
/home/ssslab/Desktop/Dataset/cctv_data/cubox_cctv_data/normal_result/1024_A_normal_09_396_masking.mp4,0
/home/ssslab/Desktop/Dataset/cctv_data/cubox_cctv_data/normal_result/0929_A_normal_08_081_masking.mp4,0
/home/ssslab/Desktop/Dataset/cctv_data/cubox_cctv_data/normal_result/완료_0910_A_정상_07_2명걷기1명배회_CAM6_18_masking.mp4,0
/home/ssslab/Desktop/Dataset/cctv_data/cubox_cctv_data/normal_result/0917_A_normal_07_85_masking.mp4,0
/home/ssslab/Desktop/Dataset/cctv_data/cubox_cctv_data/normal_result/1104_A_normal_04_1인걷기1인배회_017_masking.mp4,0
/home/ssslab/Desktop/Dataset/cctv_data/cubox_cctv_data/normal_result/0919_A_normal_07_2인걷기1인배회_153_masking.mp4,0
/home/ssslab/Desktop/Dataset/cctv_data/cubox_cctv_data/normal_result/0919_A_normal_09_2인걷기2인배회_179_masking.mp4,0
/home/ssslab/Desktop/Dataset/cctv_data/cubox_cctv_data/normal_result/1104_A_normal_09_2인걷기2인배회_019_masking.mp4,0
/home/ssslab/Desktop/Dataset/cctv_data/cubox_cctv_data/normal_result/완료_0928_A_정상_01_1인걷기_025_masking.mp4,0
/home/ssslab/Desktop/Dataset/cctv_data/cubox_cctv_data/normal_result/0917_A_normal_09_116_masking.mp4,0
/home/ssslab/Desktop/Dataset/cctv_data/cubox_cctv_data/normal_result/0919_A_normal_10_3인걷기1인배회_190_masking.mp4,0
/home/ssslab/Desktop/Dataset/cctv_data/cubox_cctv_data/normal_result/0917_A_normal_10_123_masking.mp4,0
/home/ssslab/Desktop/Dataset/cctv_data/cubox_cctv_data/normal_result/1024_A_normal_09_401_masking.mp4,0
/home/ssslab/Desktop/Dataset/cctv_data/cubox_cctv_data/normal_result/0917_A_normal_07_81_masking.mp4,0
/home/ssslab/Desktop/Dataset/cctv_data/cubox_cctv_data/normal_result/0919_A_normal_09_2인걷기2인배회_209_masking.mp4,0
/home/ssslab/Desktop/Dataset/cctv_data/cubox_cctv_data/normal_result/1104_A_normal_03_2인걷기_003_masking.mp4,0
/home/ssslab/Desktop/Dataset/cctv_data/cubox_cctv_data/normal_result/완료_0909_A_정상_04_CAM1_5_masking.mp4,0
/home/ssslab/Desktop/Dataset/cctv_data/cubox_cctv_data/normal_result/완료_0909_A_정상_01_CAM6_4_masking.mp4,0
/home/ssslab/Desktop/Dataset/cctv_data/cubox_cctv_data/normal_result/1104_A_normal_04_1인걷기1인배회_078_masking.mp4,0
/home/ssslab/Desktop/Dataset/cctv_data/cubox_cctv_data/normal_result/1104_A_normal_09_2인걷기2인배회_068_masking.mp4,0
/home/ssslab/Desktop/Dataset/cctv_data/cubox_cctv_data/normal_result/완료_0909_A_정상_10_CAM3_7_masking.mp4,0
/home/ssslab/Desktop/Dataset/cctv_data/cubox_cctv_data/normal_result/1024_A_normal_09_398_masking.mp4,0
/home/ssslab/Desktop/Dataset/cctv_data/cubox_cctv_data/normal_result/0917_A_normal_01_73_masking.mp4,0
/home/ssslab/Desktop/Dataset/cctv_data/cubox_cctv_data/normal_result/0919_A_normal_10_3인걷기1인배회_217_masking.mp4,0
/home/ssslab/Desktop/Dataset/cctv_data/cubox_cctv_data/normal_result/1104_A_normal_05_3인걷기_039_masking.mp4,0
/home/ssslab/Desktop/Dataset/cctv_data/cubox_cctv_data/normal_result/완료_0910_A_정상_07_2명걷기1명배회_CAM2_14_masking.mp4,0
/home/ssslab/Desktop/Dataset/cctv_data/cubox_cctv_data/normal_result/완료_0909_A_정상_03_CAM2_4_masking.mp4,0
/home/ssslab/Desktop/Dataset/cctv_data/cubox_cctv_data/normal_result/완료_0910_A_정상_05_3인걷기_CAM3_9_masking.mp4,0
/home/ssslab/Desktop/Dataset/cctv_data/cubox_cctv_data/normal_result/완료_0909_A_정상_01_CAM3_1_masking.mp4,0
/home/ssslab/Desktop/Dataset/cctv_data/cubox_cctv_data/normal_result/1104_A_normal_05_3인걷기_023_masking.mp4,0
/home/ssslab/Desktop/Dataset/cctv_data/cubox_cctv_data/normal_result/0917_A_normal_10_102_masking.mp4,0
/home/ssslab/Desktop/Dataset/cctv_data/cubox_cctv_data/normal_result/1104_A_normal_08_1인걷기3인배회_027_masking.mp4,0
/home/ssslab/Desktop/Dataset/cctv_data/cubox_cctv_data/normal_result/완료_0910_A_정상_04_1인걷기1인배회_CAM6_14_masking.mp4,0
/home/ssslab/Desktop/Dataset/cctv_data/cubox_cctv_data/normal_result/완료_0910_A_정상_05_3인걷기_CAM2_10_masking.mp4,0
/home/ssslab/Desktop/Dataset/cctv_data/cubox_cctv_data/normal_result/0919_A_normal_09_2인걷기2인배회_224_masking.mp4,0
/home/ssslab/Desktop/Dataset/cctv_data/cubox_cctv_data/normal_result/1024_A_normal_10_354_masking.mp4,0
/home/ssslab/Desktop/Dataset/cctv_data/cubox_cctv_data/normal_result/0919_A_normal_09_2인걷기2인배회_221_masking.mp4,0
/home/ssslab/Desktop/Dataset/cctv_data/cubox_cctv_data/normal_result/완료_0910_A_정상_01_1인걷기_CAM2_15_masking.mp4,0
/home/ssslab/Desktop/Dataset/cctv_data/cubox_cctv_data/normal_result/완료_0909_A_정상_06_CAM1_6_masking.mp4,0
/home/ssslab/Desktop/Dataset/cctv_data/cubox_cctv_data/normal_result/0917_A_normal_05_85_masking.mp4,0
/home/ssslab/Desktop/Dataset/cctv_data/cubox_cctv_data/normal_result/0919_A_normal_10_3인걷기1인배회_224_masking.mp4,0
/home/ssslab/Desktop/Dataset/cctv_data/cubox_cctv_data/normal_result/1104_A_normal_04_1인걷기1인배회_048_masking.mp4,0
/home/ssslab/Desktop/Dataset/cctv_data/cubox_cctv_data/normal_result/0917_A_normal_04_57_masking.mp4,0
/home/ssslab/Desktop/Dataset/cctv_data/cubox_cctv_data/normal_result/완료_0910_A_정상_06_1명걷기2명배회_CAM3_8_masking.mp4,0
/home/ssslab/Desktop/Dataset/cctv_data/cubox_cctv_data/normal_result/1024_A_normal_09_390_masking.mp4,0
/home/ssslab/Desktop/Dataset/cctv_data/cubox_cctv_data/normal_result/0917_A_normal_07_88_masking.mp4,0
/home/ssslab/Desktop/Dataset/cctv_data/cubox_cctv_data/normal_result/1104_A_normal_04_1인걷기1인배회_028_masking.mp4,0
/home/ssslab/Desktop/Dataset/cctv_data/cubox_cctv_data/normal_result/완료_0928_A_정상_01_1인걷기_021_masking.mp4,0
/home/ssslab/Desktop/Dataset/cctv_data/cubox_cctv_data/normal_result/0917_A_normal_06_98_masking.mp4,0
/home/ssslab/Desktop/Dataset/cctv_data/cubox_cctv_data/normal_result/0917_A_normal_09_133_masking.mp4,0
/home/ssslab/Desktop/Dataset/cctv_data/cubox_cctv_data/normal_result/0919_A_normal_10_3인걷기1인배회_198_masking.mp4,0
/home/ssslab/Desktop/Dataset/cctv_data/cubox_cctv_data/normal_result/0919_A_normal_10_3인걷기1인배회_205_masking.mp4,0
/home/ssslab/Desktop/Dataset/cctv_data/cubox_cctv_data/normal_result/0917_A_normal_10_99_masking.mp4,0
/home/ssslab/Desktop/Dataset/cctv_data/cubox_cctv_data/normal_result/0917_A_normal_10_159_masking.mp4,0
/home/ssslab/Desktop/Dataset/cctv_data/cubox_cctv_data/normal_result/1024_A_normal_10_362_masking.mp4,0
/home/ssslab/Desktop/Dataset/cctv_data/cubox_cctv_data/normal_result/0917_A_normal_06_100_masking.mp4,0
/home/ssslab/Desktop/Dataset/cctv_data/cubox_cctv_data/normal_result/1104_A_normal_07_2인걷기1인배회_003_masking.mp4,0
/home/ssslab/Desktop/Dataset/cctv_data/cubox_cctv_data/normal_result/1104_A_normal_06_1인걷기2인배회_031_masking.mp4,0
/home/ssslab/Desktop/Dataset/cctv_data/cubox_cctv_data/normal_result/1104_A_normal_03_2인걷기_012_masking.mp4,0
/home/ssslab/Desktop/Dataset/cctv_data/cubox_cctv_data/normal_result/1024_A_normal_10_361_masking.mp4,0
/home/ssslab/Desktop/Dataset/cctv_data/cubox_cctv_data/normal_result/0929_A_normal_09_110_masking.mp4,0
/home/ssslab/Desktop/Dataset/cctv_data/cubox_cctv_data/normal_result/0917_A_normal_03_51_masking.mp4,0
/home/ssslab/Desktop/Dataset/cctv_data/cubox_cctv_data/normal_result/1104_A_normal_04_1인걷기1인배회_053_masking.mp4,0
/home/ssslab/Desktop/Dataset/cctv_data/cubox_cctv_data/normal_result/완료_0910_A_정상_10_3명걷기1명배회_CAM3_17_masking.mp4,0
/home/ssslab/Desktop/Dataset/cctv_data/cubox_cctv_data/normal_result/0917_A_normal_08_105_masking.mp4,0
/home/ssslab/Desktop/Dataset/cctv_data/cubox_cctv_data/normal_result/0919_A_normal_10_3인걷기1인배회_226_masking.mp4,0
/home/ssslab/Desktop/Dataset/cctv_data/cubox_cctv_data/normal_result/1104_A_normal_10_3인걷기1인배회_032_masking.mp4,0
/home/ssslab/Desktop/Dataset/cctv_data/cubox_cctv_data/normal_result/완료_0909_A_정상_01_CAM3_7_masking.mp4,0
/home/ssslab/Desktop/Dataset/cctv_data/cubox_cctv_data/normal_result/1104_A_normal_09_2인걷기2인배회_065_masking.mp4,0
/home/ssslab/Desktop/Dataset/cctv_data/cubox_cctv_data/normal_result/완료_0909_A_정상_05_CAM2_1_masking.mp4,0
/home/ssslab/Desktop/Dataset/cctv_data/cubox_cctv_data/normal_result/완료_0928_A_정상_01_1인걷기_035_masking.mp4,0
/home/ssslab/Desktop/Dataset/cctv_data/cubox_cctv_data/normal_result/완료_0910_A_정상_10_3명걷기1명배회_CAM3_19_masking.mp4,0
/home/ssslab/Desktop/Dataset/cctv_data/cubox_cctv_data/normal_result/1104_A_normal_09_2인걷기2인배회_042_masking.mp4,0
/home/ssslab/Desktop/Dataset/cctv_data/cubox_cctv_data/normal_result/0917_A_normal_10_170_masking.mp4,0
/home/ssslab/Desktop/Dataset/cctv_data/cubox_cctv_data/normal_result/1104_A_normal_02_1인배회_027_masking.mp4,0
/home/ssslab/Desktop/Dataset/cctv_data/cubox_cctv_data/normal_result/0919_A_normal_04_1인걷기1인배회_112_masking.mp4,0
/home/ssslab/Desktop/Dataset/cctv_data/cubox_cctv_data/normal_result/1024_A_normal_10_382_masking.mp4,0
/home/ssslab/Desktop/Dataset/cctv_data/cubox_cctv_data/normal_result/0919_A_normal_04_1인걷기1인배회_119_masking.mp4,0
/home/ssslab/Desktop/Dataset/cctv_data/cubox_cctv_data/normal_result/1104_A_normal_04_1인걷기1인배회_072_masking.mp4,0
/home/ssslab/Desktop/Dataset/cctv_data/cubox_cctv_data/normal_result/1104_A_normal_04_1인걷기1인배회_034_masking.mp4,0
/home/ssslab/Desktop/Dataset/cctv_data/cubox_cctv_data/normal_result/0917_A_normal_09_123_masking.mp4,0
/home/ssslab/Desktop/Dataset/cctv_data/cubox_cctv_data/normal_result/1104_A_normal_04_1인걷기1인배회_043_masking.mp4,0
/home/ssslab/Desktop/Dataset/cctv_data/cubox_cctv_data/normal_result/완료_0909_A_정상_03_CAM2_1_masking.mp4,0
/home/ssslab/Desktop/Dataset/cctv_data/cubox_cctv_data/normal_result/완료_0909_A_정상_08_CAM1_7_masking.mp4,0
/home/ssslab/Desktop/Dataset/cctv_data/cubox_cctv_data/normal_result/1104_A_normal_09_2인걷기2인배회_039_masking.mp4,0
/home/ssslab/Desktop/Dataset/cctv_data/cubox_cctv_data/normal_result/0919_A_normal_07_2인걷기1인배회_141_masking.mp4,0
/home/ssslab/Desktop/Dataset/cctv_data/cubox_cctv_data/normal_result/완료_0909_A_정상_04_CAM1_2_masking.mp4,0
/home/ssslab/Desktop/Dataset/cctv_data/cubox_cctv_data/normal_result/완료_0910_A_정상_03_2인걷기_CAM2_7_masking.mp4,0
/home/ssslab/Desktop/Dataset/cctv_data/cubox_cctv_data/normal_result/1104_A_normal_03_2인걷기_041_masking.mp4,0
/home/ssslab/Desktop/Dataset/cctv_data/cubox_cctv_data/normal_result/1024_A_normal_10_359_masking.mp4,0
/home/ssslab/Desktop/Dataset/cctv_data/cubox_cctv_data/normal_result/0917_A_normal_08_118_masking.mp4,0
/home/ssslab/Desktop/Dataset/cctv_data/cubox_cctv_data/normal_result/0917_A_normal_02_72_masking.mp4,0
/home/ssslab/Desktop/Dataset/cctv_data/cubox_cctv_data/normal_result/완료_0910_A_정상_01_1인걷기_CAM1_14_masking.mp4,0
/home/ssslab/Desktop/Dataset/cctv_data/cubox_cctv_data/normal_result/0919_A_normal_10_3인걷기1인배회_177_masking.mp4,0
/home/ssslab/Desktop/Dataset/cctv_data/cubox_cctv_data/normal_result/0917_A_normal_01_80_masking.mp4,0
/home/ssslab/Desktop/Dataset/cctv_data/cubox_cctv_data/normal_result/완료_0910_A_정상_09_2명걷기2명배회_CAM1_8_masking.mp4,0
/home/ssslab/Desktop/Dataset/cctv_data/cubox_cctv_data/normal_result/완료_0910_A_정상_09_2명걷기2명배회_CAM2_9_masking.mp4,0
/home/ssslab/Desktop/Dataset/cctv_data/cubox_cctv_data/normal_result/0919_A_normal_04_1인걷기1인배회_117_masking.mp4,0
/home/ssslab/Desktop/Dataset/cctv_data/cubox_cctv_data/normal_result/1104_A_normal_10_3인걷기1인배회_049_masking.mp4,0
/home/ssslab/Desktop/Dataset/cctv_data/cubox_cctv_data/normal_result/완료_0910_A_정상_06_1명걷기2명배회_CAM3_18_masking.mp4,0
/home/ssslab/Desktop/Dataset/cctv_data/cubox_cctv_data/normal_result/완료_0909_A_정상_01_CAM1_1_masking.mp4,0
/home/ssslab/Desktop/Dataset/cctv_data/cubox_cctv_data/normal_result/완료_0910_A_정상_08_1명걷기3명배회_CAM1_20_masking.mp4,0
/home/ssslab/Desktop/Dataset/cctv_data/cubox_cctv_data/normal_result/0917_A_normal_04_64_masking.mp4,0
/home/ssslab/Desktop/Dataset/cctv_data/cubox_cctv_data/normal_result/0917_A_normal_06_108_masking.mp4,0
/home/ssslab/Desktop/Dataset/cctv_data/cubox_cctv_data/normal_result/완료_0909_A_정상_08_CAM3_4_masking.mp4,0
/home/ssslab/Desktop/Dataset/cctv_data/cubox_cctv_data/normal_result/0917_A_normal_09_85_masking.mp4,0
/home/ssslab/Desktop/Dataset/cctv_data/cubox_cctv_data/normal_result/1104_A_normal_10_3인걷기1인배회_050_masking.mp4,0
/home/ssslab/Desktop/Dataset/cctv_data/cubox_cctv_data/normal_result/완료_0910_A_정상_09_2명걷기2명배회_CAM1_9_masking.mp4,0
/home/ssslab/Desktop/Dataset/cctv_data/cubox_cctv_data/normal_result/0929_A_normal_08_072_masking.mp4,0
/home/ssslab/Desktop/Dataset/cctv_data/cubox_cctv_data/normal_result/완료_0909_A_정상_04_CAM6_6_masking.mp4,0
/home/ssslab/Desktop/Dataset/cctv_data/cubox_cctv_data/normal_result/1104_A_normal_03_2인걷기_025_masking.mp4,0
/home/ssslab/Desktop/Dataset/cctv_data/cubox_cctv_data/normal_result/1104_A_normal_07_2인걷기1인배회_009_masking.mp4,0
/home/ssslab/Desktop/Dataset/cctv_data/cubox_cctv_data/normal_result/1104_A_normal_04_1인걷기1인배회_047_masking.mp4,0
/home/ssslab/Desktop/Dataset/cctv_data/cubox_cctv_data/normal_result/1024_A_normal_10_349_masking.mp4,0
/home/ssslab/Desktop/Dataset/cctv_data/cubox_cctv_data/normal_result/1104_A_normal_06_1인걷기2인배회_015_masking.mp4,0
/home/ssslab/Desktop/Dataset/cctv_data/cubox_cctv_data/normal_result/0919_A_normal_10_3인걷기1인배회_234_masking.mp4,0
/home/ssslab/Desktop/Dataset/cctv_data/cubox_cctv_data/normal_result/완료_0909_A_정상_07_CAM1_5_masking.mp4,0
/home/ssslab/Desktop/Dataset/cctv_data/cubox_cctv_data/normal_result/1024_A_normal_10_334_masking.mp4,0
/home/ssslab/Desktop/Dataset/cctv_data/cubox_cctv_data/normal_result/0919_A_normal_09_2인걷기2인배회_201_masking.mp4,0
/home/ssslab/Desktop/Dataset/cctv_data/cubox_cctv_data/normal_result/0917_A_normal_09_135_masking.mp4,0
/home/ssslab/Desktop/Dataset/cctv_data/cubox_cctv_data/normal_result/완료_0910_A_정상_07_2명걷기1명배회_CAM6_15_masking.mp4,0
/home/ssslab/Desktop/Dataset/cctv_data/cubox_cctv_data/normal_result/0917_A_normal_08_102_masking.mp4,0
/home/ssslab/Desktop/Dataset/cctv_data/cubox_cctv_data/normal_result/1104_A_normal_06_1인걷기2인배회_065_masking.mp4,0
/home/ssslab/Desktop/Dataset/cctv_data/cubox_cctv_data/normal_result/완료_0910_A_정상_07_2명걷기1명배회_CAM6_14_masking.mp4,0
/home/ssslab/Desktop/Dataset/cctv_data/cubox_cctv_data/normal_result/1104_A_normal_07_2인걷기1인배회_033_masking.mp4,0
/home/ssslab/Desktop/Dataset/cctv_data/cubox_cctv_data/normal_result/1104_A_normal_08_1인걷기3인배회_031_masking.mp4,0
/home/ssslab/Desktop/Dataset/cctv_data/cubox_cctv_data/normal_result/완료_0910_A_정상_08_1명걷기3명배회_CAM1_9_masking.mp4,0
/home/ssslab/Desktop/Dataset/cctv_data/cubox_cctv_data/normal_result/1104_A_normal_09_2인걷기2인배회_043_masking.mp4,0
/home/ssslab/Desktop/Dataset/cctv_data/cubox_cctv_data/normal_result/1104_A_normal_04_1인걷기1인배회_033_masking.mp4,0
/home/ssslab/Desktop/Dataset/cctv_data/cubox_cctv_data/normal_result/완료_0928_A_정상_01_1인걷기_013_masking.mp4,0
/home/ssslab/Desktop/Dataset/cctv_data/cubox_cctv_data/normal_result/1104_A_normal_04_1인걷기1인배회_041_masking.mp4,0
/home/ssslab/Desktop/Dataset/cctv_data/cubox_cctv_data/normal_result/1104_A_normal_08_1인걷기3인배회_010_masking.mp4,0
/home/ssslab/Desktop/Dataset/cctv_data/cubox_cctv_data/normal_result/0917_A_normal_10_138_masking.mp4,0
/home/ssslab/Desktop/Dataset/cctv_data/cubox_cctv_data/normal_result/완료_0909_A_정상_10_CAM6_3_masking.mp4,0
/home/ssslab/Desktop/Dataset/cctv_data/cubox_cctv_data/normal_result/완료_0910_A_정상_10_3명걷기1명배회_CAM1_12_masking.mp4,0
/home/ssslab/Desktop/Dataset/cctv_data/cubox_cctv_data/normal_result/0917_A_normal_09_142_masking.mp4,0
/home/ssslab/Desktop/Dataset/cctv_data/cubox_cctv_data/normal_result/완료_0910_A_정상_08_1명걷기3명배회_CAM6_15_masking.mp4,0
/home/ssslab/Desktop/Dataset/cctv_data/cubox_cctv_data/normal_result/0917_A_normal_10_103_masking.mp4,0
/home/ssslab/Desktop/Dataset/cctv_data/cubox_cctv_data/normal_result/완료_0928_A_정상_01_1인걷기_023_masking.mp4,0
/home/ssslab/Desktop/Dataset/cctv_data/cubox_cctv_data/normal_result/완료_0909_A_정상_05_CAM2_7_masking.mp4,0
/home/ssslab/Desktop/Dataset/cctv_data/cubox_cctv_data/normal_result/1104_A_normal_03_2인걷기_047_masking.mp4,0
/home/ssslab/Desktop/Dataset/cctv_data/cubox_cctv_data/normal_result/0929_A_normal_09_101_masking.mp4,0
/home/ssslab/Desktop/Dataset/cctv_data/cubox_cctv_data/normal_result/완료_0910_A_정상_03_2인걷기_CAM6_9_masking.mp4,0
/home/ssslab/Desktop/Dataset/cctv_data/cubox_cctv_data/normal_result/0917_A_normal_08_99_masking.mp4,0
/home/ssslab/Desktop/Dataset/cctv_data/cubox_cctv_data/normal_result/0929_A_normal_08_069_masking.mp4,0
/home/ssslab/Desktop/Dataset/cctv_data/cubox_cctv_data/normal_result/1104_A_normal_08_1인걷기3인배회_034_masking.mp4,0
/home/ssslab/Desktop/Dataset/cctv_data/cubox_cctv_data/normal_result/1104_A_normal_09_2인걷기2인배회_029_masking.mp4,0
/home/ssslab/Desktop/Dataset/cctv_data/cubox_cctv_data/normal_result/0917_A_normal_06_125_masking.mp4,0
/home/ssslab/Desktop/Dataset/cctv_data/cubox_cctv_data/normal_result/1104_A_normal_10_3인걷기1인배회_012_masking.mp4,0
/home/ssslab/Desktop/Dataset/cctv_data/cubox_cctv_data/normal_result/완료_0910_A_정상_03_2인걷기_CAM2_10_masking.mp4,0
/home/ssslab/Desktop/Dataset/cctv_data/cubox_cctv_data/normal_result/완료_0909_A_정상_10_CAM3_2_masking.mp4,0
/home/ssslab/Desktop/Dataset/cctv_data/cubox_cctv_data/normal_result/0929_A_normal_09_120_masking.mp4,0
/home/ssslab/Desktop/Dataset/cctv_data/cubox_cctv_data/normal_result/0919_A_normal_07_2인걷기1인배회_129_masking.mp4,0
/home/ssslab/Desktop/Dataset/cctv_data/cubox_cctv_data/normal_result/1104_A_normal_04_1인걷기1인배회_074_masking.mp4,0
/home/ssslab/Desktop/Dataset/cctv_data/cubox_cctv_data/normal_result/1104_A_normal_04_1인걷기1인배회_새 폴더_029_masking.mp4,0
/home/ssslab/Desktop/Dataset/cctv_data/cubox_cctv_data/normal_result/0917_A_normal_09_136_masking.mp4,0
/home/ssslab/Desktop/Dataset/cctv_data/cubox_cctv_data/normal_result/1104_A_normal_07_2인걷기1인배회_024_masking.mp4,0
/home/ssslab/Desktop/Dataset/cctv_data/cubox_cctv_data/normal_result/1104_A_normal_05_3인걷기_022_masking.mp4,0
/home/ssslab/Desktop/Dataset/cctv_data/cubox_cctv_data/normal_result/0919_A_normal_10_3인걷기1인배회_178_masking.mp4,0
/home/ssslab/Desktop/Dataset/cctv_data/cubox_cctv_data/normal_result/0919_A_normal_09_2인걷기2인배회_168_masking.mp4,0
/home/ssslab/Desktop/Dataset/cctv_data/cubox_cctv_data/normal_result/완료_0910_A_정상_09_2명걷기2명배회_CAM2_17_masking.mp4,0
/home/ssslab/Desktop/Dataset/cctv_data/cubox_cctv_data/normal_result/0917_A_normal_09_150_masking.mp4,0
/home/ssslab/Desktop/Dataset/cctv_data/cubox_cctv_data/normal_result/0917_A_normal_08_84_masking.mp4,0
/home/ssslab/Desktop/Dataset/cctv_data/cubox_cctv_data/normal_result/완료_0909_A_정상_08_CAM2_2_masking.mp4,0
/home/ssslab/Desktop/Dataset/cctv_data/cubox_cctv_data/normal_result/완료_0928_A_정상_01_1인걷기_001_masking.mp4,0
/home/ssslab/Desktop/Dataset/cctv_data/cubox_cctv_data/normal_result/0929_A_normal_09_098_masking.mp4,0
/home/ssslab/Desktop/Dataset/cctv_data/cubox_cctv_data/normal_result/완료_0910_A_정상_08_1명걷기3명배회_CAM2_10_masking.mp4,0
/home/ssslab/Desktop/Dataset/cctv_data/cubox_cctv_data/normal_result/1104_A_normal_06_1인걷기2인배회_021_masking.mp4,0
/home/ssslab/Desktop/Dataset/cctv_data/cubox_cctv_data/normal_result/완료_0910_A_정상_10_3명걷기1명배회_CAM2_14_masking.mp4,0
/home/ssslab/Desktop/Dataset/cctv_data/cubox_cctv_data/normal_result/1104_A_normal_05_3인걷기_030_masking.mp4,0
/home/ssslab/Desktop/Dataset/cctv_data/cubox_cctv_data/normal_result/완료_0910_A_정상_10_3명걷기1명배회_CAM2_23_masking.mp4,0
/home/ssslab/Desktop/Dataset/cctv_data/cubox_cctv_data/normal_result/완료_0910_A_정상_07_2명걷기1명배회_CAM3_13_masking.mp4,0
/home/ssslab/Desktop/Dataset/cctv_data/cubox_cctv_data/normal_result/0917_A_normal_03_50_masking.mp4,0
/home/ssslab/Desktop/Dataset/cctv_data/cubox_cctv_data/normal_result/1104_A_normal_06_1인걷기2인배회_030_masking.mp4,0
/home/ssslab/Desktop/Dataset/cctv_data/cubox_cctv_data/normal_result/완료_0909_A_정상_05_CAM6_4_masking.mp4,0
/home/ssslab/Desktop/Dataset/cctv_data/cubox_cctv_data/normal_result/완료_0909_A_정상_10_CAM1_6_masking.mp4,0
/home/ssslab/Desktop/Dataset/cctv_data/cubox_cctv_data/normal_result/완료_0910_A_정상_03_2인걷기_CAM3_8_masking.mp4,0
/home/ssslab/Desktop/Dataset/cctv_data/cubox_cctv_data/normal_result/0919_A_normal_04_1인걷기1인배회_111_masking.mp4,0
/home/ssslab/Desktop/Dataset/cctv_data/cubox_cctv_data/normal_result/1104_A_normal_04_1인걷기1인배회_새 폴더_025_masking.mp4,0
/home/ssslab/Desktop/Dataset/cctv_data/cubox_cctv_data/normal_result/0917_A_normal_07_105_masking.mp4,0
/home/ssslab/Desktop/Dataset/cctv_data/cubox_cctv_data/normal_result/1104_A_normal_09_2인걷기2인배회_031_masking.mp4,0
/home/ssslab/Desktop/Dataset/cctv_data/cubox_cctv_data/normal_result/1104_A_normal_06_1인걷기2인배회_033_masking.mp4,0
/home/ssslab/Desktop/Dataset/cctv_data/cubox_cctv_data/normal_result/완료_0909_A_정상_04_CAM2_7_masking.mp4,0
/home/ssslab/Desktop/Dataset/cctv_data/cubox_cctv_data/normal_result/1104_A_normal_09_2인걷기2인배회_013_masking.mp4,0
/home/ssslab/Desktop/Dataset/cctv_data/cubox_cctv_data/normal_result/0919_A_normal_10_3인걷기1인배회_199_masking.mp4,0
/home/ssslab/Desktop/Dataset/cctv_data/cubox_cctv_data/normal_result/완료_0910_A_정상_07_2명걷기1명배회_CAM2_10_masking.mp4,0
/home/ssslab/Desktop/Dataset/cctv_data/cubox_cctv_data/normal_result/0929_A_normal_09_166_masking.mp4,0
/home/ssslab/Desktop/Dataset/cctv_data/cubox_cctv_data/normal_result/완료_0910_A_정상_07_2명걷기1명배회_CAM2_8_masking.mp4,0
/home/ssslab/Desktop/Dataset/cctv_data/cubox_cctv_data/normal_result/0919_A_normal_10_3인걷기1인배회_181_masking.mp4,0
/home/ssslab/Desktop/Dataset/cctv_data/cubox_cctv_data/normal_result/완료_0910_A_정상_01_1인걷기_CAM3_11_masking.mp4,0
/home/ssslab/Desktop/Dataset/cctv_data/cubox_cctv_data/normal_result/1104_A_normal_07_2인걷기1인배회_042_masking.mp4,0
/home/ssslab/Desktop/Dataset/cctv_data/cubox_cctv_data/normal_result/완료_0910_A_정상_06_1명걷기2명배회_CAM1_8_masking.mp4,0
/home/ssslab/Desktop/Dataset/cctv_data/cubox_cctv_data/normal_result/0919_A_normal_04_1인걷기1인배회_106_masking.mp4,0
/home/ssslab/Desktop/Dataset/cctv_data/cubox_cctv_data/normal_result/1104_A_normal_02_1인배회_024_masking.mp4,0
/home/ssslab/Desktop/Dataset/cctv_data/cubox_cctv_data/normal_result/1104_A_normal_07_2인걷기1인배회_043_masking.mp4,0
/home/ssslab/Desktop/Dataset/cctv_data/cubox_cctv_data/normal_result/1104_A_normal_10_3인걷기1인배회_061_masking.mp4,0
/home/ssslab/Desktop/Dataset/cctv_data/cubox_cctv_data/normal_result/0917_A_normal_07_89_masking.mp4,0
/home/ssslab/Desktop/Dataset/cctv_data/cubox_cctv_data/normal_result/완료_0910_A_정상_07_2명걷기1명배회_CAM1_8_masking.mp4,0
/home/ssslab/Desktop/Dataset/cctv_data/cubox_cctv_data/normal_result/1104_A_normal_07_2인걷기1인배회_005_masking.mp4,0
/home/ssslab/Desktop/Dataset/cctv_data/cubox_cctv_data/normal_result/1104_A_normal_09_2인걷기2인배회_033_masking.mp4,0
/home/ssslab/Desktop/Dataset/cctv_data/cubox_cctv_data/normal_result/1104_A_normal_07_2인걷기1인배회_030_masking.mp4,0
/home/ssslab/Desktop/Dataset/cctv_data/cubox_cctv_data/normal_result/완료_0909_A_정상_10_CAM2_4_masking.mp4,0
/home/ssslab/Desktop/Dataset/cctv_data/cubox_cctv_data/normal_result/0917_A_normal_06_113_masking.mp4,0
/home/ssslab/Desktop/Dataset/cctv_data/cubox_cctv_data/normal_result/0917_A_normal_10_98_masking.mp4,0
/home/ssslab/Desktop/Dataset/cctv_data/cubox_cctv_data/normal_result/완료_0909_A_정상_01_CAM3_6_masking.mp4,0
/home/ssslab/Desktop/Dataset/cctv_data/cubox_cctv_data/normal_result/1104_A_normal_10_3인걷기1인배회_023_masking.mp4,0
/home/ssslab/Desktop/Dataset/cctv_data/cubox_cctv_data/normal_result/0929_A_normal_09_168_masking.mp4,0
/home/ssslab/Desktop/Dataset/cctv_data/cubox_cctv_data/normal_result/1104_A_normal_10_3인걷기1인배회_060_masking.mp4,0
/home/ssslab/Desktop/Dataset/cctv_data/cubox_cctv_data/normal_result/1104_A_normal_04_1인걷기1인배회_068_masking.mp4,0
/home/ssslab/Desktop/Dataset/cctv_data/cubox_cctv_data/normal_result/완료_0910_A_정상_06_1명걷기2명배회_CAM3_12_masking.mp4,0
/home/ssslab/Desktop/Dataset/cctv_data/cubox_cctv_data/normal_result/완료_0910_A_정상_10_3명걷기1명배회_CAM3_9_masking.mp4,0
/home/ssslab/Desktop/Dataset/cctv_data/cubox_cctv_data/normal_result/0919_A_normal_09_2인걷기2인배회_212_masking.mp4,0
/home/ssslab/Desktop/Dataset/cctv_data/cubox_cctv_data/normal_result/1104_A_normal_10_3인걷기1인배회_059_masking.mp4,0
/home/ssslab/Desktop/Dataset/cctv_data/cubox_cctv_data/normal_result/0917_A_normal_05_89_masking.mp4,0
/home/ssslab/Desktop/Dataset/cctv_data/cubox_cctv_data/normal_result/0917_A_normal_04_66_masking.mp4,0
/home/ssslab/Desktop/Dataset/cctv_data/cubox_cctv_data/normal_result/1104_A_normal_09_2인걷기2인배회_021_masking.mp4,0
/home/ssslab/Desktop/Dataset/cctv_data/cubox_cctv_data/normal_result/1104_A_normal_02_1인배회_047_masking.mp4,0
/home/ssslab/Desktop/Dataset/cctv_data/cubox_cctv_data/normal_result/완료_0910_A_정상_01_1인걷기_CAM1_8_masking.mp4,0
/home/ssslab/Desktop/Dataset/cctv_data/cubox_cctv_data/normal_result/0919_A_normal_09_2인걷기2인배회_205__masking.mp4,0
/home/ssslab/Desktop/Dataset/cctv_data/cubox_cctv_data/normal_result/0917_A_normal_04_85_masking.mp4,0
/home/ssslab/Desktop/Dataset/cctv_data/cubox_cctv_data/normal_result/0929_A_normal_09_141__masking.mp4,0
/home/ssslab/Desktop/Dataset/cctv_data/cubox_cctv_data/normal_result/완료_0910_A_정상_04_1인걷기1인배회_CAM3_13_masking.mp4,0
/home/ssslab/Desktop/Dataset/cctv_data/cubox_cctv_data/normal_result/완료_0909_A_정상_04_CAM1_1_masking.mp4,0
/home/ssslab/Desktop/Dataset/cctv_data/cubox_cctv_data/normal_result/0917_A_normal_09_127_masking.mp4,0
/home/ssslab/Desktop/Dataset/cctv_data/cubox_cctv_data/normal_result/0917_A_normal_09_149_masking.mp4,0
/home/ssslab/Desktop/Dataset/cctv_data/cubox_cctv_data/normal_result/1104_A_normal_07_2인걷기1인배회_047_masking.mp4,0
/home/ssslab/Desktop/Dataset/cctv_data/cubox_cctv_data/normal_result/완료_0909_A_정상_04_CAM3_2_masking.mp4,0
/home/ssslab/Desktop/Dataset/cctv_data/cubox_cctv_data/normal_result/완료_0910_A_정상_07_2명걷기1명배회_CAM1_9_masking.mp4,0
/home/ssslab/Desktop/Dataset/cctv_data/cubox_cctv_data/normal_result/1104_A_normal_04_1인걷기1인배회_071_masking.mp4,0
/home/ssslab/Desktop/Dataset/cctv_data/cubox_cctv_data/normal_result/완료_0910_A_정상_03_2인걷기_CAM2_12_masking.mp4,0
/home/ssslab/Desktop/Dataset/cctv_data/cubox_cctv_data/normal_result/0919_A_normal_04_1인걷기1인배회_108_masking.mp4,0
/home/ssslab/Desktop/Dataset/cctv_data/cubox_cctv_data/normal_result/1024_A_normal_10_338_masking.mp4,0
/home/ssslab/Desktop/Dataset/cctv_data/cubox_cctv_data/normal_result/0917_A_normal_10_149_masking.mp4,0
/home/ssslab/Desktop/Dataset/cctv_data/cubox_cctv_data/normal_result/1024_A_normal_10_391_masking.mp4,0
/home/ssslab/Desktop/Dataset/cctv_data/cubox_cctv_data/normal_result/완료_0928_A_정상_01_1인걷기_015_masking.mp4,0
/home/ssslab/Desktop/Dataset/cctv_data/cubox_cctv_data/normal_result/1104_A_normal_08_1인걷기3인배회_021_masking.mp4,0
/home/ssslab/Desktop/Dataset/cctv_data/cubox_cctv_data/normal_result/1104_A_normal_04_1인걷기1인배회_018_masking.mp4,0
/home/ssslab/Desktop/Dataset/cctv_data/cubox_cctv_data/normal_result/완료_0910_A_정상_08_1명걷기3명배회_CAM2_13_masking.mp4,0
/home/ssslab/Desktop/Dataset/cctv_data/cubox_cctv_data/normal_result/0917_A_normal_03_54_masking.mp4,0
/home/ssslab/Desktop/Dataset/cctv_data/cubox_cctv_data/normal_result/완료_0910_A_정상_09_2명걷기2명배회_CAM2_18_masking.mp4,0
/home/ssslab/Desktop/Dataset/cctv_data/cubox_cctv_data/normal_result/완료_0910_A_정상_08_1명걷기3명배회_CAM6_18_masking.mp4,0
/home/ssslab/Desktop/Dataset/cctv_data/cubox_cctv_data/normal_result/1024_A_normal_10_400_masking.mp4,0
/home/ssslab/Desktop/Dataset/cctv_data/cubox_cctv_data/normal_result/완료_0910_A_정상_08_1명걷기3명배회_CAM3_8_masking.mp4,0
/home/ssslab/Desktop/Dataset/cctv_data/cubox_cctv_data/normal_result/0917_A_normal_05_88_masking.mp4,0
/home/ssslab/Desktop/Dataset/cctv_data/cubox_cctv_data/normal_result/0917_A_normal_09_119_masking.mp4,0
/home/ssslab/Desktop/Dataset/cctv_data/cubox_cctv_data/normal_result/1104_A_normal_09_2인걷기2인배회_054_masking.mp4,0
/home/ssslab/Desktop/Dataset/cctv_data/cubox_cctv_data/normal_result/1024_A_normal_10_392_masking.mp4,0
/home/ssslab/Desktop/Dataset/cctv_data/cubox_cctv_data/normal_result/0919_A_normal_10_3인걷기1인배회_191_masking.mp4,0
/home/ssslab/Desktop/Dataset/cctv_data/cubox_cctv_data/normal_result/완료_0909_A_정상_10_CAM2_7_masking.mp4,0
/home/ssslab/Desktop/Dataset/cctv_data/cubox_cctv_data/normal_result/1104_A_normal_07_2인걷기1인배회_013_masking.mp4,0
/home/ssslab/Desktop/Dataset/cctv_data/cubox_cctv_data/normal_result/완료_0910_A_정상_05_3인걷기_CAM2_11_masking.mp4,0
/home/ssslab/Desktop/Dataset/cctv_data/cubox_cctv_data/normal_result/1104_A_normal_02_1인배회_031_masking.mp4,0
/home/ssslab/Desktop/Dataset/cctv_data/cubox_cctv_data/normal_result/0917_A_normal_09_132_masking.mp4,0
/home/ssslab/Desktop/Dataset/cctv_data/cubox_cctv_data/normal_result/1104_A_normal_09_2인걷기2인배회_044_masking.mp4,0
/home/ssslab/Desktop/Dataset/cctv_data/cubox_cctv_data/normal_result/완료_0909_A_정상_01_CAM3_5_masking.mp4,0
/home/ssslab/Desktop/Dataset/cctv_data/cubox_cctv_data/normal_result/0917_A_normal_10_107_masking.mp4,0
/home/ssslab/Desktop/Dataset/cctv_data/cubox_cctv_data/normal_result/완료_0910_A_정상_06_1명걷기2명배회_CAM6_16_masking.mp4,0
/home/ssslab/Desktop/Dataset/cctv_data/cubox_cctv_data/normal_result/1104_A_normal_05_3인걷기_006_masking.mp4,0
/home/ssslab/Desktop/Dataset/cctv_data/cubox_cctv_data/normal_result/완료_0909_A_정상_05_CAM6_7_masking.mp4,0
/home/ssslab/Desktop/Dataset/cctv_data/cubox_cctv_data/normal_result/완료_0910_A_정상_01_1인걷기_CAM1_10_masking.mp4,0
/home/ssslab/Desktop/Dataset/cctv_data/cubox_cctv_data/normal_result/1104_A_normal_05_3인걷기_028_masking.mp4,0
/home/ssslab/Desktop/Dataset/cctv_data/cubox_cctv_data/normal_result/1104_A_normal_04_1인걷기1인배회_003_masking.mp4,0
/home/ssslab/Desktop/Dataset/cctv_data/cubox_cctv_data/normal_result/0917_A_normal_09_141_masking.mp4,0
/home/ssslab/Desktop/Dataset/cctv_data/cubox_cctv_data/normal_result/0919_A_normal_04_1인걷기1인배회_100_masking.mp4,0
/home/ssslab/Desktop/Dataset/cctv_data/cubox_cctv_data/normal_result/0917_A_normal_03_64_masking.mp4,0
/home/ssslab/Desktop/Dataset/cctv_data/cubox_cctv_data/normal_result/완료_0910_A_정상_08_1명걷기3명배회_CAM2_9_masking.mp4,0
/home/ssslab/Desktop/Dataset/cctv_data/cubox_cctv_data/normal_result/0929_A_normal_09_082_masking.mp4,0
/home/ssslab/Desktop/Dataset/cctv_data/cubox_cctv_data/normal_result/0929_A_normal_08_076_masking.mp4,0
/home/ssslab/Desktop/Dataset/cctv_data/cubox_cctv_data/normal_result/0919_A_normal_10_3인걷기1인배회_247_masking.mp4,0
/home/ssslab/Desktop/Dataset/cctv_data/cubox_cctv_data/normal_result/0929_A_normal_09_156_masking.mp4,0
/home/ssslab/Desktop/Dataset/cctv_data/cubox_cctv_data/normal_result/0929_A_normal_08_067__masking.mp4,0
/home/ssslab/Desktop/Dataset/cctv_data/cubox_cctv_data/normal_result/완료_0910_A_정상_01_1인걷기_CAM3_12_masking.mp4,0
/home/ssslab/Desktop/Dataset/cctv_data/cubox_cctv_data/normal_result/완료_0909_A_정상_09_CAM2_4_masking.mp4,0
/home/ssslab/Desktop/Dataset/cctv_data/cubox_cctv_data/normal_result/완료_0910_A_정상_03_2인걷기_CAM6_7_masking.mp4,0
/home/ssslab/Desktop/Dataset/cctv_data/cubox_cctv_data/normal_result/완료_0910_A_정상_07_2명걷기1명배회_CAM3_6_masking.mp4,0
/home/ssslab/Desktop/Dataset/cctv_data/cubox_cctv_data/normal_result/완료_0910_A_정상_06_1명걷기2명배회_CAM6_19_masking.mp4,0
/home/ssslab/Desktop/Dataset/cctv_data/cubox_cctv_data/normal_result/0917_A_normal_07_92_masking.mp4,0
/home/ssslab/Desktop/Dataset/cctv_data/cubox_cctv_data/normal_result/0919_A_normal_10_3인걷기1인배회_239_masking.mp4,0
/home/ssslab/Desktop/Dataset/cctv_data/cubox_cctv_data/normal_result/1104_A_normal_04_1인걷기1인배회_069_masking.mp4,0
/home/ssslab/Desktop/Dataset/cctv_data/cubox_cctv_data/normal_result/완료_0910_A_정상_10_3명걷기1명배회_CAM3_12_masking.mp4,0
/home/ssslab/Desktop/Dataset/cctv_data/cubox_cctv_data/normal_result/0917_A_normal_10_167_masking.mp4,0
/home/ssslab/Desktop/Dataset/cctv_data/cubox_cctv_data/normal_result/완료_0910_A_정상_07_2명걷기1명배회_CAM1_16_masking.mp4,0
/home/ssslab/Desktop/Dataset/cctv_data/cubox_cctv_data/normal_result/완료_0909_A_정상_06_CAM1_5_masking.mp4,0
/home/ssslab/Desktop/Dataset/cctv_data/cubox_cctv_data/normal_result/0917_A_normal_04_81_masking.mp4,0
/home/ssslab/Desktop/Dataset/cctv_data/cubox_cctv_data/normal_result/0919_A_normal_10_3인걷기1인배회_212__masking.mp4,0
/home/ssslab/Desktop/Dataset/cctv_data/cubox_cctv_data/normal_result/완료_0910_A_정상_01_1인걷기_CAM6_12_masking.mp4,0
/home/ssslab/Desktop/Dataset/cctv_data/cubox_cctv_data/normal_result/0929_A_normal_08_049_masking.mp4,0
/home/ssslab/Desktop/Dataset/cctv_data/cubox_cctv_data/normal_result/1104_A_normal_04_1인걷기1인배회_063_masking.mp4,0
/home/ssslab/Desktop/Dataset/cctv_data/cubox_cctv_data/normal_result/1024_A_normal_10_383_masking.mp4,0
/home/ssslab/Desktop/Dataset/cctv_data/cubox_cctv_data/normal_result/1104_A_normal_03_2인걷기_037_masking.mp4,0
/home/ssslab/Desktop/Dataset/cctv_data/cubox_cctv_data/normal_result/완료_0910_A_정상_06_1명걷기2명배회_CAM3_11_masking.mp4,0
/home/ssslab/Desktop/Dataset/cctv_data/cubox_cctv_data/normal_result/0919_A_normal_10_3인걷기1인배회_242_masking.mp4,0
/home/ssslab/Desktop/Dataset/cctv_data/cubox_cctv_data/normal_result/완료_0910_A_정상_10_3명걷기1명배회_CAM2_21_masking.mp4,0
/home/ssslab/Desktop/Dataset/cctv_data/cubox_cctv_data/normal_result/완료_0909_A_정상_03_CAM1_5_masking.mp4,0
/home/ssslab/Desktop/Dataset/cctv_data/cubox_cctv_data/normal_result/1104_A_normal_05_3인걷기_033_masking.mp4,0
/home/ssslab/Desktop/Dataset/cctv_data/cubox_cctv_data/normal_result/0929_A_normal_08_103_masking.mp4,0
/home/ssslab/Desktop/Dataset/cctv_data/cubox_cctv_data/normal_result/1104_A_normal_02_1인배회_043_masking.mp4,0
/home/ssslab/Desktop/Dataset/cctv_data/cubox_cctv_data/normal_result/0917_A_normal_08_86_masking.mp4,0
/home/ssslab/Desktop/Dataset/cctv_data/cubox_cctv_data/normal_result/완료_0910_A_정상_03_2인걷기_CAM2_11_masking.mp4,0
/home/ssslab/Desktop/Dataset/cctv_data/cubox_cctv_data/normal_result/1104_A_normal_09_2인걷기2인배회_063_masking.mp4,0
/home/ssslab/Desktop/Dataset/cctv_data/cubox_cctv_data/normal_result/1104_A_normal_04_1인걷기1인배회_059_masking.mp4,0
/home/ssslab/Desktop/Dataset/cctv_data/cubox_cctv_data/normal_result/0929_A_normal_09_172_masking.mp4,0
/home/ssslab/Desktop/Dataset/cctv_data/cubox_cctv_data/normal_result/0919_A_normal_10_3인걷기1인배회_222_masking.mp4,0
/home/ssslab/Desktop/Dataset/cctv_data/cubox_cctv_data/normal_result/1104_A_normal_06_1인걷기2인배회_057_masking.mp4,0
/home/ssslab/Desktop/Dataset/cctv_data/cubox_cctv_data/normal_result/1104_A_normal_09_2인걷기2인배회_004_masking.mp4,0
/home/ssslab/Desktop/Dataset/cctv_data/cubox_cctv_data/normal_result/0929_A_normal_09_096_masking.mp4,0
/home/ssslab/Desktop/Dataset/cctv_data/cubox_cctv_data/normal_result/1104_A_normal_07_2인걷기1인배회_001_masking.mp4,0
/home/ssslab/Desktop/Dataset/cctv_data/cubox_cctv_data/normal_result/0919_A_normal_10_3인걷기1인배회_245_masking.mp4,0
/home/ssslab/Desktop/Dataset/cctv_data/cubox_cctv_data/normal_result/1104_A_normal_03_2인걷기_010_masking.mp4,0
/home/ssslab/Desktop/Dataset/cctv_data/cubox_cctv_data/normal_result/1104_A_normal_09_2인걷기2인배회_023_masking.mp4,0
/home/ssslab/Desktop/Dataset/cctv_data/cubox_cctv_data/normal_result/0919_A_normal_04_1인걷기1인배회_109_masking.mp4,0
/home/ssslab/Desktop/Dataset/cctv_data/cubox_cctv_data/normal_result/1024_A_normal_09_397_masking.mp4,0
/home/ssslab/Desktop/Dataset/cctv_data/cubox_cctv_data/normal_result/0917_A_normal_10_130_masking.mp4,0
/home/ssslab/Desktop/Dataset/cctv_data/cubox_cctv_data/normal_result/0919_A_normal_07_2인걷기1인배회_118_masking.mp4,0
/home/ssslab/Desktop/Dataset/cctv_data/cubox_cctv_data/normal_result/완료_0910_A_정상_09_2명걷기2명배회_CAM1_17_masking.mp4,0
/home/ssslab/Desktop/Dataset/cctv_data/cubox_cctv_data/normal_result/0917_A_normal_04_65_masking.mp4,0
/home/ssslab/Desktop/Dataset/cctv_data/cubox_cctv_data/normal_result/0917_A_normal_10_104_masking.mp4,0
/home/ssslab/Desktop/Dataset/cctv_data/cubox_cctv_data/normal_result/0929_A_normal_09_143_masking.mp4,0
/home/ssslab/Desktop/Dataset/cctv_data/cubox_cctv_data/normal_result/1104_A_normal_05_3인걷기_004_masking.mp4,0
/home/ssslab/Desktop/Dataset/cctv_data/cubox_cctv_data/normal_result/0917_A_normal_08_120_masking.mp4,0
/home/ssslab/Desktop/Dataset/cctv_data/cubox_cctv_data/normal_result/0917_A_normal_06_109_masking.mp4,0
/home/ssslab/Desktop/Dataset/cctv_data/cubox_cctv_data/normal_result/완료_0909_A_정상_04_CAM6_4_masking.mp4,0
/home/ssslab/Desktop/Dataset/cctv_data/cubox_cctv_data/normal_result/0917_A_normal_05_79_masking.mp4,0
/home/ssslab/Desktop/Dataset/cctv_data/cubox_cctv_data/normal_result/완료_0928_A_정상_01_1인걷기_020_masking.mp4,0
/home/ssslab/Desktop/Dataset/cctv_data/cubox_cctv_data/normal_result/1104_A_normal_09_2인걷기2인배회_064_masking.mp4,0
/home/ssslab/Desktop/Dataset/cctv_data/cubox_cctv_data/normal_result/0929_A_normal_08_105_masking.mp4,0
/home/ssslab/Desktop/Dataset/cctv_data/cubox_cctv_data/normal_result/0919_A_normal_07_2인걷기1인배회_127_masking.mp4,0
/home/ssslab/Desktop/Dataset/cctv_data/cubox_cctv_data/normal_result/1104_A_normal_04_1인걷기1인배회_011_masking.mp4,0
/home/ssslab/Desktop/Dataset/cctv_data/cubox_cctv_data/normal_result/0917_A_normal_10_134_masking.mp4,0
/home/ssslab/Desktop/Dataset/cctv_data/cubox_cctv_data/normal_result/1104_A_normal_10_3인걷기1인배회_006_masking.mp4,0
/home/ssslab/Desktop/Dataset/cctv_data/cubox_cctv_data/normal_result/1024_A_normal_10_340_masking.mp4,0
/home/ssslab/Desktop/Dataset/cctv_data/cubox_cctv_data/normal_result/0917_A_normal_10_112_masking.mp4,0
/home/ssslab/Desktop/Dataset/cctv_data/cubox_cctv_data/normal_result/1104_A_normal_04_1인걷기1인배회_새 폴더_032_masking.mp4,0
/home/ssslab/Desktop/Dataset/cctv_data/cubox_cctv_data/normal_result/1104_A_normal_04_1인걷기1인배회_009_masking.mp4,0
/home/ssslab/Desktop/Dataset/cctv_data/cubox_cctv_data/normal_result/완료_0910_A_정상_10_3명걷기1명배회_CAM3_16_masking.mp4,0
/home/ssslab/Desktop/Dataset/cctv_data/cubox_cctv_data/normal_result/0917_A_normal_08_123_masking.mp4,0
/home/ssslab/Desktop/Dataset/cctv_data/cubox_cctv_data/normal_result/0929_A_normal_09_169_masking.mp4,0
/home/ssslab/Desktop/Dataset/cctv_data/cubox_cctv_data/normal_result/1104_A_normal_05_3인걷기_048_masking.mp4,0
/home/ssslab/Desktop/Dataset/cctv_data/cubox_cctv_data/normal_result/0929_A_normal_09_102_masking.mp4,0
/home/ssslab/Desktop/Dataset/cctv_data/cubox_cctv_data/normal_result/1104_A_normal_06_1인걷기2인배회_006_masking.mp4,0
/home/ssslab/Desktop/Dataset/cctv_data/cubox_cctv_data/normal_result/완료_0909_A_정상_01_CAM6_3_masking.mp4,0
/home/ssslab/Desktop/Dataset/cctv_data/cubox_cctv_data/normal_result/0929_A_normal_08_100_masking.mp4,0
/home/ssslab/Desktop/Dataset/cctv_data/cubox_cctv_data/normal_result/1104_A_normal_03_2인걷기_005_masking.mp4,0
/home/ssslab/Desktop/Dataset/cctv_data/cubox_cctv_data/normal_result/0919_A_normal_07_2인걷기1인배회_150_masking.mp4,0
/home/ssslab/Desktop/Dataset/cctv_data/cubox_cctv_data/normal_result/완료_0910_A_정상_06_1명걷기2명배회_CAM6_18_masking.mp4,0
/home/ssslab/Desktop/Dataset/cctv_data/cubox_cctv_data/normal_result/완료_0910_A_정상_07_2명걷기1명배회_CAM6_13_masking.mp4,0
/home/ssslab/Desktop/Dataset/cctv_data/cubox_cctv_data/normal_result/1024_A_normal_10_390_masking.mp4,0
/home/ssslab/Desktop/Dataset/cctv_data/cubox_cctv_data/normal_result/0919_A_normal_10_3인걷기1인배회_252_masking.mp4,0
/home/ssslab/Desktop/Dataset/cctv_data/cubox_cctv_data/normal_result/완료_0910_A_정상_09_2명걷기2명배회_CAM2_16_masking.mp4,0
/home/ssslab/Desktop/Dataset/cctv_data/cubox_cctv_data/normal_result/1104_A_normal_05_3인걷기_027_masking.mp4,0
/home/ssslab/Desktop/Dataset/cctv_data/cubox_cctv_data/normal_result/완료_0909_A_정상_09_CAM3_4_masking.mp4,0
/home/ssslab/Desktop/Dataset/cctv_data/cubox_cctv_data/normal_result/0929_A_normal_09_142_masking.mp4,0
/home/ssslab/Desktop/Dataset/cctv_data/cubox_cctv_data/normal_result/완료_0909_A_정상_02_CAM2_2_masking.mp4,0
/home/ssslab/Desktop/Dataset/cctv_data/cubox_cctv_data/normal_result/완료_0910_A_정상_10_3명걷기1명배회_CAM1_10_masking.mp4,0
/home/ssslab/Desktop/Dataset/cctv_data/cubox_cctv_data/normal_result/0919_A_normal_04_1인걷기1인배회_97_masking.mp4,0
/home/ssslab/Desktop/Dataset/cctv_data/cubox_cctv_data/normal_result/1104_A_normal_05_3인걷기_034_masking.mp4,0
/home/ssslab/Desktop/Dataset/cctv_data/cubox_cctv_data/normal_result/0917_A_normal_09_157_masking.mp4,0
/home/ssslab/Desktop/Dataset/cctv_data/cubox_cctv_data/normal_result/1104_A_normal_10_3인걷기1인배회_043_masking.mp4,0
/home/ssslab/Desktop/Dataset/cctv_data/cubox_cctv_data/normal_result/0929_A_normal_08_079_masking.mp4,0
/home/ssslab/Desktop/Dataset/cctv_data/cubox_cctv_data/normal_result/1104_A_normal_10_3인걷기1인배회_070_masking.mp4,0
/home/ssslab/Desktop/Dataset/cctv_data/cubox_cctv_data/normal_result/0917_A_normal_05_78_masking.mp4,0
/home/ssslab/Desktop/Dataset/cctv_data/cubox_cctv_data/normal_result/완료_0910_A_정상_06_1명걷기2명배회_CAM1_19_masking.mp4,0
/home/ssslab/Desktop/Dataset/cctv_data/cubox_cctv_data/normal_result/0919_A_normal_10_3인걷기1인배회_231_masking.mp4,0
/home/ssslab/Desktop/Dataset/cctv_data/cubox_cctv_data/normal_result/완료_0909_A_정상_02_CAM3_2_masking.mp4,0
/home/ssslab/Desktop/Dataset/cctv_data/cubox_cctv_data/normal_result/완료_0928_A_정상_01_1인걷기_005_masking.mp4,0
/home/ssslab/Desktop/Dataset/cctv_data/cubox_cctv_data/normal_result/0929_A_normal_08_109_masking.mp4,0
/home/ssslab/Desktop/Dataset/cctv_data/cubox_cctv_data/normal_result/완료_0910_A_정상_09_2명걷기2명배회_CAM3_19_masking.mp4,0
/home/ssslab/Desktop/Dataset/cctv_data/cubox_cctv_data/normal_result/0917_A_normal_09_121_masking.mp4,0
/home/ssslab/Desktop/Dataset/cctv_data/cubox_cctv_data/normal_result/완료_0910_A_정상_06_1명걷기2명배회_CAM3_17_masking.mp4,0
/home/ssslab/Desktop/Dataset/cctv_data/cubox_cctv_data/normal_result/1024_A_normal_10_351_masking.mp4,0
/home/ssslab/Desktop/Dataset/cctv_data/cubox_cctv_data/normal_result/완료_0909_A_정상_09_CAM6_4_masking.mp4,0
/home/ssslab/Desktop/Dataset/cctv_data/cubox_cctv_data/normal_result/완료_0910_A_정상_07_2명걷기1명배회_CAM6_17_masking.mp4,0
/home/ssslab/Desktop/Dataset/cctv_data/cubox_cctv_data/normal_result/완료_0910_A_정상_09_2명걷기2명배회_CAM6_12_masking.mp4,0
/home/ssslab/Desktop/Dataset/cctv_data/cubox_cctv_data/normal_result/1104_A_normal_03_2인걷기_019_masking.mp4,0
/home/ssslab/Desktop/Dataset/cctv_data/cubox_cctv_data/normal_result/1104_A_normal_10_3인걷기1인배회_005_masking.mp4,0
/home/ssslab/Desktop/Dataset/cctv_data/cubox_cctv_data/normal_result/완료_0928_A_정상_01_1인걷기_004_masking.mp4,0
/home/ssslab/Desktop/Dataset/cctv_data/cubox_cctv_data/normal_result/1104_A_normal_06_1인걷기2인배회_059_masking.mp4,0
/home/ssslab/Desktop/Dataset/cctv_data/cubox_cctv_data/normal_result/1104_A_normal_08_1인걷기3인배회_005_masking.mp4,0
/home/ssslab/Desktop/Dataset/cctv_data/cubox_cctv_data/normal_result/1104_A_normal_10_3인걷기1인배회_064_masking.mp4,0
/home/ssslab/Desktop/Dataset/cctv_data/cubox_cctv_data/normal_result/완료_0909_A_정상_01_CAM1_6_masking.mp4,0
/home/ssslab/Desktop/Dataset/cctv_data/cubox_cctv_data/normal_result/완료_0909_A_정상_06_CAM6_4_masking.mp4,0
/home/ssslab/Desktop/Dataset/cctv_data/cubox_cctv_data/normal_result/1104_A_normal_04_1인걷기1인배회_023_masking.mp4,0
/home/ssslab/Desktop/Dataset/cctv_data/cubox_cctv_data/normal_result/완료_0910_A_정상_04_1인걷기1인배회_CAM1_14_masking.mp4,0
/home/ssslab/Desktop/Dataset/cctv_data/cubox_cctv_data/normal_result/1024_A_normal_10_386_masking.mp4,0
/home/ssslab/Desktop/Dataset/cctv_data/cubox_cctv_data/normal_result/0919_A_normal_10_3인걷기1인배회_249_masking.mp4,0
/home/ssslab/Desktop/Dataset/cctv_data/cubox_cctv_data/normal_result/1024_A_normal_10_363_masking.mp4,0
/home/ssslab/Desktop/Dataset/cctv_data/cubox_cctv_data/normal_result/1104_A_normal_05_3인걷기_021_masking.mp4,0
/home/ssslab/Desktop/Dataset/cctv_data/cubox_cctv_data/normal_result/0919_A_normal_09_2인걷기2인배회_222_masking.mp4,0
/home/ssslab/Desktop/Dataset/cctv_data/cubox_cctv_data/normal_result/완료_0910_A_정상_08_1명걷기3명배회_CAM3_15_masking.mp4,0
/home/ssslab/Desktop/Dataset/cctv_data/cubox_cctv_data/normal_result/1104_A_normal_08_1인걷기3인배회_032_masking.mp4,0
/home/ssslab/Desktop/Dataset/cctv_data/cubox_cctv_data/normal_result/0917_A_normal_02_59_masking.mp4,0
/home/ssslab/Desktop/Dataset/cctv_data/cubox_cctv_data/normal_result/1104_A_normal_09_2인걷기2인배회_070_masking.mp4,0
/home/ssslab/Desktop/Dataset/cctv_data/cubox_cctv_data/normal_result/1104_A_normal_04_1인걷기1인배회_035_masking.mp4,0
/home/ssslab/Desktop/Dataset/cctv_data/cubox_cctv_data/normal_result/완료_0910_A_정상_10_3명걷기1명배회_CAM6_17_masking.mp4,0
/home/ssslab/Desktop/Dataset/cctv_data/cubox_cctv_data/normal_result/0919_A_normal_10_3인걷기1인배회_179_masking.mp4,0
/home/ssslab/Desktop/Dataset/cctv_data/cubox_cctv_data/normal_result/완료_0910_A_정상_05_3인걷기_CAM2_9_masking.mp4,0
/home/ssslab/Desktop/Dataset/cctv_data/cubox_cctv_data/normal_result/완료_0910_A_정상_01_1인걷기_CAM1_9_masking.mp4,0
/home/ssslab/Desktop/Dataset/cctv_data/cubox_cctv_data/normal_result/0917_A_normal_09_163_masking.mp4,0
/home/ssslab/Desktop/Dataset/cctv_data/cubox_cctv_data/normal_result/0917_A_normal_02_58_masking.mp4,0
/home/ssslab/Desktop/Dataset/cctv_data/cubox_cctv_data/normal_result/0929_A_normal_08_104_masking.mp4,0
/home/ssslab/Desktop/Dataset/cctv_data/cubox_cctv_data/normal_result/1104_A_normal_09_2인걷기2인배회_048_masking.mp4,0
/home/ssslab/Desktop/Dataset/cctv_data/cubox_cctv_data/normal_result/1104_A_normal_06_1인걷기2인배회_058_masking.mp4,0
/home/ssslab/Desktop/Dataset/cctv_data/cubox_cctv_data/normal_result/0917_A_normal_03_58_masking.mp4,0
/home/ssslab/Desktop/Dataset/cctv_data/cubox_cctv_data/normal_result/1104_A_normal_03_2인걷기_014_masking.mp4,0
/home/ssslab/Desktop/Dataset/cctv_data/cubox_cctv_data/normal_result/0917_A_normal_06_104_masking.mp4,0
/home/ssslab/Desktop/Dataset/cctv_data/cubox_cctv_data/normal_result/1104_A_normal_03_2인걷기_033_masking.mp4,0
/home/ssslab/Desktop/Dataset/cctv_data/cubox_cctv_data/normal_result/완료_0909_A_정상_02_CAM1_6_masking.mp4,0
/home/ssslab/Desktop/Dataset/cctv_data/cubox_cctv_data/normal_result/완료_0910_A_정상_09_2명걷기2명배회_CAM6_15_masking.mp4,0
/home/ssslab/Desktop/Dataset/cctv_data/cubox_cctv_data/normal_result/완료_0910_A_정상_07_2명걷기1명배회_CAM2_13_masking.mp4,0
/home/ssslab/Desktop/Dataset/cctv_data/cubox_cctv_data/normal_result/0919_A_normal_07_2인걷기1인배회_140_masking.mp4,0
/home/ssslab/Desktop/Dataset/cctv_data/cubox_cctv_data/normal_result/완료_0909_A_정상_09_CAM3_1_masking.mp4,0
/home/ssslab/Desktop/Dataset/cctv_data/cubox_cctv_data/normal_result/0919_A_normal_09_2인걷기2인배회_172_masking.mp4,0
/home/ssslab/Desktop/Dataset/cctv_data/cubox_cctv_data/normal_result/1104_A_normal_06_1인걷기2인배회_023_masking.mp4,0
/home/ssslab/Desktop/Dataset/cctv_data/cubox_cctv_data/normal_result/0917_A_normal_09_145_masking.mp4,0
/home/ssslab/Desktop/Dataset/cctv_data/cubox_cctv_data/normal_result/0929_A_normal_09_129__masking.mp4,0
/home/ssslab/Desktop/Dataset/cctv_data/cubox_cctv_data/normal_result/완료_0910_A_정상_03_2인걷기_CAM1_7_masking.mp4,0
/home/ssslab/Desktop/Dataset/cctv_data/cubox_cctv_data/normal_result/완료_0909_A_정상_01_CAM6_2_masking.mp4,0
/home/ssslab/Desktop/Dataset/cctv_data/cubox_cctv_data/normal_result/완료_0909_A_정상_01_CAM2_1_masking.mp4,0
/home/ssslab/Desktop/Dataset/cctv_data/cubox_cctv_data/normal_result/1104_A_normal_09_2인걷기2인배회_005_masking.mp4,0
/home/ssslab/Desktop/Dataset/cctv_data/cubox_cctv_data/normal_result/1104_A_normal_04_1인걷기1인배회_038_masking.mp4,0
/home/ssslab/Desktop/Dataset/cctv_data/cubox_cctv_data/normal_result/1104_A_normal_05_3인걷기_042_masking.mp4,0
/home/ssslab/Desktop/Dataset/cctv_data/cubox_cctv_data/normal_result/1104_A_normal_09_2인걷기2인배회_038_masking.mp4,0
/home/ssslab/Desktop/Dataset/cctv_data/cubox_cctv_data/normal_result/0917_A_normal_04_77_masking.mp4,0
/home/ssslab/Desktop/Dataset/cctv_data/cubox_cctv_data/normal_result/1104_A_normal_04_1인걷기1인배회_054_masking.mp4,0
/home/ssslab/Desktop/Dataset/cctv_data/cubox_cctv_data/normal_result/0917_A_normal_07_107_masking.mp4,0
/home/ssslab/Desktop/Dataset/cctv_data/cubox_cctv_data/normal_result/완료_0910_A_정상_01_1인걷기_CAM6_9_masking.mp4,0
/home/ssslab/Desktop/Dataset/cctv_data/cubox_cctv_data/normal_result/완료_0910_A_정상_08_1명걷기3명배회_CAM3_14_masking.mp4,0
/home/ssslab/Desktop/Dataset/cctv_data/cubox_cctv_data/normal_result/완료_0910_A_정상_07_2명걷기1명배회_CAM1_12_masking.mp4,0
/home/ssslab/Desktop/Dataset/cctv_data/cubox_cctv_data/normal_result/완료_0910_A_정상_07_2명걷기1명배회_CAM2_17_masking.mp4,0
/home/ssslab/Desktop/Dataset/cctv_data/cubox_cctv_data/normal_result/1104_A_normal_04_1인걷기1인배회_새 폴더_026_masking.mp4,0
/home/ssslab/Desktop/Dataset/cctv_data/cubox_cctv_data/normal_result/0919_A_normal_10_3인걷기1인배회_216_masking.mp4,0
/home/ssslab/Desktop/Dataset/cctv_data/cubox_cctv_data/normal_result/1104_A_normal_10_3인걷기1인배회_048_masking.mp4,0
/home/ssslab/Desktop/Dataset/cctv_data/cubox_cctv_data/normal_result/완료_0909_A_정상_04_CAM3_4_masking.mp4,0
/home/ssslab/Desktop/Dataset/cctv_data/cubox_cctv_data/normal_result/1104_A_normal_09_2인걷기2인배회_016_masking.mp4,0
/home/ssslab/Desktop/Dataset/cctv_data/cubox_cctv_data/normal_result/완료_0910_A_정상_09_2명걷기2명배회_CAM1_11_masking.mp4,0
/home/ssslab/Desktop/Dataset/cctv_data/cubox_cctv_data/normal_result/완료_0909_A_정상_02_CAM2_6_masking.mp4,0
/home/ssslab/Desktop/Dataset/cctv_data/cubox_cctv_data/normal_result/1104_A_normal_03_2인걷기_032_masking.mp4,0
/home/ssslab/Desktop/Dataset/cctv_data/cubox_cctv_data/normal_result/1104_A_normal_04_1인걷기1인배회_079_masking.mp4,0
/home/ssslab/Desktop/Dataset/cctv_data/cubox_cctv_data/normal_result/완료_0910_A_정상_09_2명걷기2명배회_CAM3_16_masking.mp4,0
/home/ssslab/Desktop/Dataset/cctv_data/cubox_cctv_data/normal_result/1104_A_normal_09_2인걷기2인배회_061_masking.mp4,0
/home/ssslab/Desktop/Dataset/cctv_data/cubox_cctv_data/normal_result/1104_A_normal_07_2인걷기1인배회_007_masking.mp4,0
/home/ssslab/Desktop/Dataset/cctv_data/cubox_cctv_data/normal_result/0917_A_normal_07_77_masking.mp4,0
/home/ssslab/Desktop/Dataset/cctv_data/cubox_cctv_data/normal_result/0919_A_normal_09_2인걷기2인배회_194_masking.mp4,0
/home/ssslab/Desktop/Dataset/cctv_data/cubox_cctv_data/normal_result/1104_A_normal_10_3인걷기1인배회_054_masking.mp4,0
/home/ssslab/Desktop/Dataset/cctv_data/cubox_cctv_data/normal_result/완료_0910_A_정상_07_2명걷기1명배회_CAM3_7_masking.mp4,0
/home/ssslab/Desktop/Dataset/cctv_data/cubox_cctv_data/normal_result/0929_A_normal_09_114_masking.mp4,0
/home/ssslab/Desktop/Dataset/cctv_data/cubox_cctv_data/normal_result/1104_A_normal_10_3인걷기1인배회_028_masking.mp4,0
/home/ssslab/Desktop/Dataset/cctv_data/cubox_cctv_data/normal_result/완료_0910_A_정상_08_1명걷기3명배회_CAM1_11_masking.mp4,0
/home/ssslab/Desktop/Dataset/cctv_data/cubox_cctv_data/normal_result/0919_A_normal_10_3인걷기1인배회_174_masking.mp4,0
/home/ssslab/Desktop/Dataset/cctv_data/cubox_cctv_data/normal_result/1104_A_normal_06_1인걷기2인배회_067_masking.mp4,0
/home/ssslab/Desktop/Dataset/cctv_data/cubox_cctv_data/normal_result/완료_0910_A_정상_07_2명걷기1명배회_CAM6_19_masking.mp4,0
/home/ssslab/Desktop/Dataset/cctv_data/cubox_cctv_data/normal_result/완료_0910_A_정상_04_1인걷기1인배회_CAM3_12_masking.mp4,0
/home/ssslab/Desktop/Dataset/cctv_data/cubox_cctv_data/normal_result/완료_0910_A_정상_07_2명걷기1명배회_CAM6_8_masking.mp4,0
/home/ssslab/Desktop/Dataset/cctv_data/cubox_cctv_data/normal_result/완료_0910_A_정상_10_3명걷기1명배회_CAM3_18_masking.mp4,0
/home/ssslab/Desktop/Dataset/cctv_data/cubox_cctv_data/normal_result/완료_0909_A_정상_04_CAM3_6_masking.mp4,0
/home/ssslab/Desktop/Dataset/cctv_data/cubox_cctv_data/normal_result/완료_0910_A_정상_06_1명걷기2명배회_CAM6_9_masking.mp4,0
/home/ssslab/Desktop/Dataset/cctv_data/cubox_cctv_data/normal_result/1024_A_normal_10_335_masking.mp4,0
/home/ssslab/Desktop/Dataset/cctv_data/cubox_cctv_data/normal_result/완료_0910_A_정상_04_1인걷기1인배회_CAM6_12_masking.mp4,0
/home/ssslab/Desktop/Dataset/cctv_data/cubox_cctv_data/normal_result/0917_A_normal_01_64_masking.mp4,0
/home/ssslab/Desktop/Dataset/cctv_data/cubox_cctv_data/normal_result/0917_A_normal_10_124_masking.mp4,0
/home/ssslab/Desktop/Dataset/cctv_data/cubox_cctv_data/normal_result/0929_A_normal_09_116_masking.mp4,0
/home/ssslab/Desktop/Dataset/cctv_data/cubox_cctv_data/normal_result/완료_0910_A_정상_01_1인걷기_CAM1_15_masking.mp4,0
/home/ssslab/Desktop/Dataset/cctv_data/cubox_cctv_data/normal_result/0919_A_normal_04_1인걷기1인배회_130_masking.mp4,0
/home/ssslab/Desktop/Dataset/cctv_data/cubox_cctv_data/normal_result/0917_A_normal_04_88_masking.mp4,0
/home/ssslab/Desktop/Dataset/cctv_data/cubox_cctv_data/normal_result/1104_A_normal_06_1인걷기2인배회_047_masking.mp4,0
/home/ssslab/Desktop/Dataset/cctv_data/cubox_cctv_data/normal_result/0917_A_normal_05_63_masking.mp4,0
/home/ssslab/Desktop/Dataset/cctv_data/cubox_cctv_data/normal_result/1104_A_normal_09_2인걷기2인배회_003_masking.mp4,0
/home/ssslab/Desktop/Dataset/cctv_data/cubox_cctv_data/normal_result/완료_0909_A_정상_06_CAM6_7_masking.mp4,0
/home/ssslab/Desktop/Dataset/cctv_data/cubox_cctv_data/normal_result/완료_0910_A_정상_09_2명걷기2명배회_CAM3_11_masking.mp4,0
/home/ssslab/Desktop/Dataset/cctv_data/cubox_cctv_data/normal_result/완료_0910_A_정상_06_1명걷기2명배회_CAM2_9_masking.mp4,0
/home/ssslab/Desktop/Dataset/cctv_data/cubox_cctv_data/normal_result/완료_0910_A_정상_06_1명걷기2명배회_CAM1_12_masking.mp4,0
/home/ssslab/Desktop/Dataset/cctv_data/cubox_cctv_data/normal_result/완료_0910_A_정상_06_1명걷기2명배회_CAM3_9_masking.mp4,0
/home/ssslab/Desktop/Dataset/cctv_data/cubox_cctv_data/normal_result/완료_0910_A_정상_08_1명걷기3명배회_CAM3_13_masking.mp4,0
/home/ssslab/Desktop/Dataset/cctv_data/cubox_cctv_data/normal_result/0917_A_normal_04_80_masking.mp4,0
/home/ssslab/Desktop/Dataset/cctv_data/cubox_cctv_data/normal_result/완료_0909_A_정상_03_CAM6_1_masking.mp4,0
/home/ssslab/Desktop/Dataset/cctv_data/cubox_cctv_data/normal_result/1104_A_normal_09_2인걷기2인배회_069_masking.mp4,0
/home/ssslab/Desktop/Dataset/cctv_data/cubox_cctv_data/normal_result/1104_A_normal_06_1인걷기2인배회_011_masking.mp4,0
/home/ssslab/Desktop/Dataset/cctv_data/cubox_cctv_data/normal_result/0929_A_normal_08_063_masking.mp4,0
/home/ssslab/Desktop/Dataset/cctv_data/cubox_cctv_data/normal_result/완료_0928_A_정상_01_1인걷기_007_masking.mp4,0
/home/ssslab/Desktop/Dataset/cctv_data/cubox_cctv_data/normal_result/1104_A_normal_10_3인걷기1인배회_039_masking.mp4,0
/home/ssslab/Desktop/Dataset/cctv_data/cubox_cctv_data/normal_result/1104_A_normal_10_3인걷기1인배회_021_masking.mp4,0
/home/ssslab/Desktop/Dataset/cctv_data/cubox_cctv_data/normal_result/0919_A_normal_04_1인걷기1인배회_95_masking.mp4,0
/home/ssslab/Desktop/Dataset/cctv_data/cubox_cctv_data/normal_result/완료_0909_A_정상_04_CAM2_6_masking.mp4,0
/home/ssslab/Desktop/Dataset/cctv_data/cubox_cctv_data/normal_result/0919_A_normal_07_2인걷기1인배회_154_masking.mp4,0
/home/ssslab/Desktop/Dataset/cctv_data/cubox_cctv_data/normal_result/0917_A_normal_10_127_masking.mp4,0
/home/ssslab/Desktop/Dataset/cctv_data/cubox_cctv_data/normal_result/1104_A_normal_06_1인걷기2인배회_051_masking.mp4,0
/home/ssslab/Desktop/Dataset/cctv_data/cubox_cctv_data/normal_result/완료_0928_A_정상_01_1인걷기_008_masking.mp4,0
/home/ssslab/Desktop/Dataset/cctv_data/cubox_cctv_data/normal_result/0929_A_normal_08_085__masking.mp4,0
/home/ssslab/Desktop/Dataset/cctv_data/cubox_cctv_data/normal_result/0917_A_normal_10_146_masking.mp4,0
/home/ssslab/Desktop/Dataset/cctv_data/cubox_cctv_data/normal_result/0929_A_normal_09_097_masking.mp4,0
/home/ssslab/Desktop/Dataset/cctv_data/cubox_cctv_data/normal_result/완료_0910_A_정상_07_2명걷기1명배회_CAM3_16_masking.mp4,0
/home/ssslab/Desktop/Dataset/cctv_data/cubox_cctv_data/normal_result/1104_A_normal_06_1인걷기2인배회_002_masking.mp4,0
/home/ssslab/Desktop/Dataset/cctv_data/cubox_cctv_data/normal_result/1104_A_normal_03_2인걷기_029_masking.mp4,0
/home/ssslab/Desktop/Dataset/cctv_data/cubox_cctv_data/normal_result/완료_0910_A_정상_08_1명걷기3명배회_CAM6_10_masking.mp4,0
/home/ssslab/Desktop/Dataset/cctv_data/cubox_cctv_data/normal_result/0917_A_normal_04_82_masking.mp4,0
/home/ssslab/Desktop/Dataset/cctv_data/cubox_cctv_data/normal_result/0917_A_normal_03_63_masking.mp4,0
/home/ssslab/Desktop/Dataset/cctv_data/cubox_cctv_data/normal_result/0917_A_normal_07_106_masking.mp4,0
/home/ssslab/Desktop/Dataset/cctv_data/cubox_cctv_data/normal_result/1104_A_normal_03_2인걷기_031_masking.mp4,0
/home/ssslab/Desktop/Dataset/cctv_data/cubox_cctv_data/normal_result/완료_0909_A_정상_09_CAM3_5_masking.mp4,0
/home/ssslab/Desktop/Dataset/cctv_data/cubox_cctv_data/normal_result/1104_A_normal_06_1인걷기2인배회_009_masking.mp4,0
/home/ssslab/Desktop/Dataset/cctv_data/cubox_cctv_data/normal_result/완료_0909_A_정상_05_CAM1_4_masking.mp4,0
/home/ssslab/Desktop/Dataset/cctv_data/cubox_cctv_data/normal_result/0919_A_normal_07_2인걷기1인배회_124_masking.mp4,0
/home/ssslab/Desktop/Dataset/cctv_data/cubox_cctv_data/normal_result/완료_0909_A_정상_07_CAM6_4_masking.mp4,0
/home/ssslab/Desktop/Dataset/cctv_data/cubox_cctv_data/normal_result/0917_A_normal_10_96_masking.mp4,0
/home/ssslab/Desktop/Dataset/cctv_data/cubox_cctv_data/normal_result/완료_0910_A_정상_08_1명걷기3명배회_CAM3_19_masking.mp4,0
/home/ssslab/Desktop/Dataset/cctv_data/cubox_cctv_data/normal_result/완료_0910_A_정상_10_3명걷기1명배회_CAM6_9_masking.mp4,0
/home/ssslab/Desktop/Dataset/cctv_data/cubox_cctv_data/normal_result/완료_0910_A_정상_09_2명걷기2명배회_CAM2_14_masking.mp4,0
/home/ssslab/Desktop/Dataset/cctv_data/cubox_cctv_data/normal_result/0919_A_normal_09_2인걷기2인배회_173_masking.mp4,0
/home/ssslab/Desktop/Dataset/cctv_data/cubox_cctv_data/normal_result/1104_A_normal_07_2인걷기1인배회_026_masking.mp4,0
/home/ssslab/Desktop/Dataset/cctv_data/cubox_cctv_data/normal_result/1104_A_normal_07_2인걷기1인배회_014_masking.mp4,0
/home/ssslab/Desktop/Dataset/cctv_data/cubox_cctv_data/normal_result/0919_A_normal_10_3인걷기1인배회_208_masking.mp4,0
/home/ssslab/Desktop/Dataset/cctv_data/cubox_cctv_data/normal_result/0919_A_normal_10_3인걷기1인배회_188_masking.mp4,0
/home/ssslab/Desktop/Dataset/cctv_data/cubox_cctv_data/normal_result/1104_A_normal_04_1인걷기1인배회_062_masking.mp4,0
/home/ssslab/Desktop/Dataset/cctv_data/cubox_cctv_data/normal_result/완료_0910_A_정상_08_1명걷기3명배회_CAM6_14_masking.mp4,0
/home/ssslab/Desktop/Dataset/cctv_data/cubox_cctv_data/normal_result/0919_A_normal_09_2인걷기2인배회_206_masking.mp4,0
/home/ssslab/Desktop/Dataset/cctv_data/cubox_cctv_data/normal_result/완료_0910_A_정상_05_3인걷기_CAM3_13_masking.mp4,0
/home/ssslab/Desktop/Dataset/cctv_data/cubox_cctv_data/normal_result/1104_A_normal_10_3인걷기1인배회_004_masking.mp4,0
/home/ssslab/Desktop/Dataset/cctv_data/cubox_cctv_data/normal_result/1104_A_normal_09_2인걷기2인배회_052_masking.mp4,0
/home/ssslab/Desktop/Dataset/cctv_data/cubox_cctv_data/normal_result/1104_A_normal_03_2인걷기_001_masking.mp4,0
/home/ssslab/Desktop/Dataset/cctv_data/cubox_cctv_data/normal_result/완료_0910_A_정상_07_2명걷기1명배회_CAM6_12_masking.mp4,0
/home/ssslab/Desktop/Dataset/cctv_data/cubox_cctv_data/normal_result/0917_A_normal_06_118_masking.mp4,0
/home/ssslab/Desktop/Dataset/cctv_data/cubox_cctv_data/normal_result/1104_A_normal_08_1인걷기3인배회_030_masking.mp4,0
/home/ssslab/Desktop/Dataset/cctv_data/cubox_cctv_data/normal_result/완료_0909_A_정상_02_CAM6_6_masking.mp4,0
/home/ssslab/Desktop/Dataset/cctv_data/cubox_cctv_data/normal_result/완료_0910_A_정상_04_1인걷기1인배회_CAM2_8_masking.mp4,0
/home/ssslab/Desktop/Dataset/cctv_data/cubox_cctv_data/normal_result/완료_0928_A_정상_01_1인걷기_017_masking.mp4,0
/home/ssslab/Desktop/Dataset/cctv_data/cubox_cctv_data/normal_result/완료_0910_A_정상_01_1인걷기_CAM1_13_masking.mp4,0
/home/ssslab/Desktop/Dataset/cctv_data/cubox_cctv_data/normal_result/완료_0910_A_정상_04_1인걷기1인배회_CAM2_9_masking.mp4,0
/home/ssslab/Desktop/Dataset/cctv_data/cubox_cctv_data/normal_result/완료_0910_A_정상_10_3명걷기1명배회_CAM2_12_masking.mp4,0
/home/ssslab/Desktop/Dataset/cctv_data/cubox_cctv_data/normal_result/완료_0910_A_정상_03_2인걷기_CAM3_6_masking.mp4,0
/home/ssslab/Desktop/Dataset/cctv_data/cubox_cctv_data/normal_result/완료_0909_A_정상_09_CAM6_6_masking.mp4,0
/home/ssslab/Desktop/Dataset/cctv_data/cubox_cctv_data/normal_result/완료_0909_A_정상_10_CAM2_8_masking.mp4,0
/home/ssslab/Desktop/Dataset/cctv_data/cubox_cctv_data/normal_result/완료_0910_A_정상_09_2명걷기2명배회_CAM1_7_masking.mp4,0
/home/ssslab/Desktop/Dataset/cctv_data/cubox_cctv_data/normal_result/0917_A_normal_09_126_masking.mp4,0
/home/ssslab/Desktop/Dataset/cctv_data/cubox_cctv_data/normal_result/1024_A_normal_10_389_masking.mp4,0
/home/ssslab/Desktop/Dataset/cctv_data/cubox_cctv_data/normal_result/1104_A_normal_05_3인걷기_002_masking.mp4,0
/home/ssslab/Desktop/Dataset/cctv_data/cubox_cctv_data/normal_result/0929_A_normal_08_097__masking.mp4,0
/home/ssslab/Desktop/Dataset/cctv_data/cubox_cctv_data/normal_result/1104_A_normal_10_3인걷기1인배회_018_masking.mp4,0
/home/ssslab/Desktop/Dataset/cctv_data/cubox_cctv_data/normal_result/완료_0909_A_정상_05_CAM2_4_masking.mp4,0
/home/ssslab/Desktop/Dataset/cctv_data/cubox_cctv_data/normal_result/완료_0910_A_정상_08_1명걷기3명배회_CAM2_20_masking.mp4,0
/home/ssslab/Desktop/Dataset/cctv_data/cubox_cctv_data/normal_result/0917_A_normal_09_94_masking.mp4,0
/home/ssslab/Desktop/Dataset/cctv_data/cubox_cctv_data/normal_result/완료_0910_A_정상_05_3인걷기_CAM3_12_masking.mp4,0
/home/ssslab/Desktop/Dataset/cctv_data/cubox_cctv_data/normal_result/0919_A_normal_10_3인걷기1인배회_223_masking.mp4,0
/home/ssslab/Desktop/Dataset/cctv_data/cubox_cctv_data/normal_result/1104_A_normal_05_3인걷기_005_masking.mp4,0
/home/ssslab/Desktop/Dataset/cctv_data/cubox_cctv_data/normal_result/1104_A_normal_04_1인걷기1인배회_073_masking.mp4,0
/home/ssslab/Desktop/Dataset/cctv_data/cubox_cctv_data/normal_result/0929_A_normal_08_078_masking.mp4,0
/home/ssslab/Desktop/Dataset/cctv_data/cubox_cctv_data/normal_result/완료_0910_A_정상_06_1명걷기2명배회_CAM2_17_masking.mp4,0
